path,git_mode,bytes,lines,sha256,media,area,coverage
.gitattributes,100644,546,11,598c1d3f82a1cdcfacc566beaba24d44ea6c3e03a9f48007fa6700d8f787ede9,text,other,line scan+hash+repository consistency review
.github/assets/banner-v1.png,100644,1280594,0,96377fbe6a003e9a4b0c5d5b9b4eed76e72ba527b1d65abd89fad479a0dd8476,binary,github-release-ci,sha256+format/build/package inspection
.github/assets/banner.png,100644,2591127,0,9116b37cf02d5ac06e27f2a175660ff66058047cdd935f8fe04fbd0e9ee0226f,binary,github-release-ci,sha256+format/build/package inspection
.github/assets/wechat-qr.png,100644,30621,0,3ed2dadbf35b961ff3c1194bea920be4baa84bb36f2972c38290db1cea1193a9,binary,github-release-ci,sha256+format/build/package inspection
.github/assets/wizard-zh.png,100644,90719,0,54626de34ec95b7d91641a3b7ef085854cbdb227a768553f450fe878d263e2f7,binary,github-release-ci,sha256+format/build/package inspection
.github/dependabot.yml,100644,635,31,ac4b3ec721924112146ab7d07b4043c862244da20d5910fb8570129c70b10b19,text,github-release-ci,byte/line inventory+targeted manual release review+actionlint+shellcheck
.github/ISSUE_TEMPLATE/01-install.yml,100644,1090,35,da7ddb5c9f478ee46b8a3f364f2bfc460144cc2de60b6c29c5b8582f9ebc3cd9,text,github-release-ci,byte/line inventory+targeted manual release review+actionlint+shellcheck
.github/ISSUE_TEMPLATE/02-channel.yml,100644,1169,30,229b63e9e3acbf868e27ed3013832f15fcaa72008b461e3c7c1e267959efcd21,text,github-release-ci,byte/line inventory+targeted manual release review+actionlint+shellcheck
.github/ISSUE_TEMPLATE/03-security.yml,100644,1023,26,2eff2ab1d5e757b505b09647c0b661eae21f14dd7462af48573a196a0e2a7111,text,github-release-ci,byte/line inventory+targeted manual release review+actionlint+shellcheck
.github/ISSUE_TEMPLATE/config.yml,100644,424,9,221a3f34b286f512f3c7da69d899d4644a171eb6c56e0d3e94e8261efdd2772c,text,github-release-ci,byte/line inventory+targeted manual release review+actionlint+shellcheck
.github/workflows/desktop-release.yml,100644,61858,1115,d61fb50ad8cc4faf9ea550b025c0ef3a5508221f35846915b784b81d2bf28ad5,text,github-release-ci,byte/line inventory+targeted manual release review+actionlint+shellcheck
.github/workflows/host-publish.yml,100644,10294,243,a50d97db04b0630791e47a166a98771deaa38de2f62b96738c5efc7133220ba2,text,github-release-ci,byte/line inventory+targeted manual release review+actionlint+shellcheck
.github/workflows/host-release.yml,100644,17583,435,3bc3a8071b1c2f195a706663ed79093343de42ec74389435d899290329a40569,text,github-release-ci,byte/line inventory+targeted manual release review+actionlint+shellcheck
.github/workflows/host-test.yml,100644,6671,183,e3633b3b436ae21da9296474ad737176ead6e23e1915178f8fa72ab44b1fb971,text,github-release-ci,byte/line inventory+targeted manual release review+actionlint+shellcheck
.gitignore,100644,4702,221,dd0834c67275e6f1e5485ce0fd1abbe46f779475b106e42c5b6f3fb982623b4c,text,other,line scan+hash+repository consistency review
agent_loop.py,100644,6832,134,8ed907d542b1f0ed235b50332231e15939133ac4f6fb01b535c82e2407c02451,text,legacy-or-support-source,byte/line inventory+syntax compiler+Semgrep/Bandit+targeted dangerous-API review+tests
agentmain.py,100644,20844,375,ccdf41431b362157be528fe91cceb2dae3325e2d44efd80b0c8b533121296be7,text,legacy-or-support-source,byte/line inventory+syntax compiler+Semgrep/Bandit+targeted dangerous-API review+tests
assets/agent_bbs.py,100644,14365,299,c88f23f880fbb39d230f3bb11ae9d78468980df3286c2590b967601db30d4762,text,legacy-or-support-source,byte/line inventory+syntax compiler+Semgrep/Bandit+targeted dangerous-API review+tests
assets/code_run_header.py,100644,1164,28,2f6bba57fb19915971cc7a80670c9feef99b25580ec0534a3cd92ca4e765cf2a,text,legacy-or-support-source,byte/line inventory+syntax compiler+Semgrep/Bandit+targeted dangerous-API review+tests
assets/configure_mykey.py,100644,64974,1449,5a8ead8aaacdcef67c552be20f6f5920822a1fc732d04fd2e0ffabb1d0ded854,text,legacy-or-support-source,byte/line inventory+syntax compiler+Semgrep/Bandit+targeted dangerous-API review+tests
assets/global_mem_insight_template_en.txt,100644,1817,24,13f755b4a6f4acecbcd53937f39b1f8f2db2ecd05f15bbe61dcfc56737ee8b5c,text,docs-config,byte/line inventory+targeted claim/config consistency review
assets/global_mem_insight_template.txt,100644,1555,24,efc79c06c75580c93c7d9164697d3c3d5e9f7b99e47506dbd4a06de1707b68fc,text,docs-config,byte/line inventory+targeted claim/config consistency review
assets/insight_fixed_structure_en.txt,100644,803,9,2fa10fdd9f0796d811aa3c12de4073f9b7ed1440351f6f112f5aa2ea737210a6,text,docs-config,byte/line inventory+targeted claim/config consistency review
assets/insight_fixed_structure.txt,100644,649,10,0aed5844a0c525e4fbc2d72cadadf3d175d85048f6965cb04417901985e4fb04,text,docs-config,byte/line inventory+targeted claim/config consistency review
assets/supergrok_proxy.py,100644,15581,401,55be9b8b00f3f842498cb8d75732c3eb87a2f13434f355e128fc9113b81f3a8b,text,legacy-or-support-source,byte/line inventory+syntax compiler+Semgrep/Bandit+targeted dangerous-API review+tests
assets/sys_prompt_en.txt,100644,853,7,a59ad1e8480fd1a2558770f9013ea4f7f15b106bd95756860601307b150c4227,text,docs-config,byte/line inventory+targeted claim/config consistency review
assets/sys_prompt.txt,100644,699,7,d88b34ef688a43fb97f031c1dbf526280e39a0a6d1d55166b1220415bc4a9f7e,text,docs-config,byte/line inventory+targeted claim/config consistency review
assets/tmwd_cdp_bridge/background.js,100644,16444,376,d87e1e3cdd2754b4baaec24d9aa073aec15bc6eed2c96c2bf16eb29115ba8e2b,text,legacy-or-support-source,byte/line inventory+syntax compiler+Semgrep/Bandit+targeted dangerous-API review+tests
assets/tmwd_cdp_bridge/manifest.json,100644,430,23,074bada4323b3a3b05ca84966f2169219d34533a23d37cc684397f2e9a08cf45,text,docs-config,byte/line inventory+targeted claim/config consistency review
assets/tmwd_cdp_bridge/popup.html,100644,731,21,08a7848f76a04d743973cddafb5c202d917b6ef2b88c4e56977c24ef9b335199,text,legacy-or-support-source,byte/line inventory+syntax compiler+Semgrep/Bandit+targeted dangerous-API review+tests
assets/tmwd_cdp_bridge/popup.js,100644,1384,30,204deaa5147f8834cc529f04cc0a2cf1c187f0b74c9b22455a48888c1778ea14,text,legacy-or-support-source,byte/line inventory+syntax compiler+Semgrep/Bandit+targeted dangerous-API review+tests
assets/tmwd_cdp_bridge/README.md,100644,1105,20,5c540c8bb0bba0fb9a3a6dc843e137596b93e058848cc537890c304a6dbc8512,text,docs-config,byte/line inventory+targeted claim/config consistency review
assets/tool_usable_history.json,100644,1274,1,06f1d39c5cc2f0a6fca64a43686009e0283bdabfdf87aa751218c2ebee8daad6,text,docs-config,byte/line inventory+targeted claim/config consistency review
assets/tools_schema_cn.json,100644,6793,74,c0d354b93f188cc546f3db247d8b9d9c97c73ca261aeea15550c770883c5c86f,text,docs-config,byte/line inventory+targeted claim/config consistency review
assets/tools_schema.json,100644,5896,74,182b239bdc71aa41456b3a96462a150c22ce97c9e01b1998dc2f544ac49e1db0,text,docs-config,byte/line inventory+targeted claim/config consistency review
CHANGELOG.md,100644,4869,53,38beb2226985ca1612e8d41f2764ae4f00d3e50ba42bbed4516b03d22c46925e,text,docs-config,byte/line inventory+targeted claim/config consistency review
CONTRIBUTING.md,100644,2119,39,3faa4b51ea818755cdc94b2e0e40ea54c8371beb0f5c6f7e42bb5825f99a8640,text,docs-config,byte/line inventory+targeted claim/config consistency review
docs/PRIVACY_AND_DATA.md,100644,3506,61,a7f3f57fb7ec8eacc500615344fb59c8b0b713f9203a5ff06812d7a977d974f8,text,docs-config,byte/line inventory+targeted claim/config consistency review
docs/RELEASE_NOTES_0.4.0.md,100644,7606,74,1098bef90fa6fbfebd6b4e7a3e7cb484bfbd3ee9b62606c604587fff258d7f03,text,docs-config,byte/line inventory+targeted claim/config consistency review
docs/RELEASE_PROCESS.md,100644,7905,159,8bfb463cc6c0a5a2ca4b93f7334bd4e28c64094405b62d0858a192f9784fc029,text,docs-config,byte/line inventory+targeted claim/config consistency review
docs/SECURITY_AUDIT_0.4.0.md,100644,12621,243,c40924c57bc4e0d2a3c1e021e1abc386d2f89977a042f5f553a48acfcbb4dbe0,text,docs-config,byte/line inventory+targeted claim/config consistency review
docs/UNINSTALL.md,100644,2938,64,487e55b426d6b3473567446d177f5b8a80978ec4540285908e82192c4530cdd2,text,docs-config,byte/line inventory+targeted claim/config consistency review
docs/website/index.md,100644,1076,16,4a8169ddf0047ed3a4e4370aa270d0986408ebb6605cc47e429c908c6fb3692b,text,docs-config,byte/line inventory+targeted claim/config consistency review
frontends/at_complete.py,100644,10652,273,bc1b74c2da7efa22bd26cca4e0cfa6fc88b236be7e9d5bab72175f049456df8c,text,legacy-or-support-source,byte/line inventory+syntax compiler+Semgrep/Bandit+targeted dangerous-API review+tests
frontends/btw_cmd.py,100644,5477,143,f79e4c2412a755e07466cd5753d15566749c25bbcfb1a4ae77ab0d4112175887,text,legacy-or-support-source,byte/line inventory+syntax compiler+Semgrep/Bandit+targeted dangerous-API review+tests
frontends/chat_bubble.png,100644,504717,0,81b1b07e854f06d41854f4530b0a7fa0f43d0685918be0f1d815e680d47ae383,binary,binary-asset,sha256+format/build/package inspection
frontends/chatapp_common.py,100644,18569,462,796e6789cf3fe59aa111ae378d144d078ccf02db9bd9ef80fffda418d5436c7c,text,legacy-or-support-source,byte/line inventory+syntax compiler+Semgrep/Bandit+targeted dangerous-API review+tests
frontends/conductor_im_plugins/_email_example.py,100644,554,16,e244b58cb2ddf69748d7ba3ea59d347535b521acf6a8d09dab86fdbf9c048512,text,legacy-or-support-source,byte/line inventory+syntax compiler+Semgrep/Bandit+targeted dangerous-API review+tests
frontends/conductor_im_plugins/_lark_example.py,100644,1611,33,cb887aaa411ea4d32b2094dda05a16fd5a122d92f1c0276c2db23b36ebbdd2c1,text,legacy-or-support-source,byte/line inventory+syntax compiler+Semgrep/Bandit+targeted dangerous-API review+tests
frontends/conductor_im_plugins/_TEMPLATE.py,100644,922,20,addece076161a4f2b250d9637d58711b87e1d3f8aa0aaa7a46f514402ab347da,text,legacy-or-support-source,byte/line inventory+syntax compiler+Semgrep/Bandit+targeted dangerous-API review+tests
frontends/conductor.html,100644,21774,474,edacd17a549cb9b6ab346a7ac4be3e9aa8e9369201ab7bf7f777d7f9f1ae578c,text,legacy-or-support-source,byte/line inventory+syntax compiler+Semgrep/Bandit+targeted dangerous-API review+tests
frontends/conductor.py,100644,23465,549,06a8aaed7b577c3d0521d3c0dd5f87924478a15d37f65670e7a97fb47ad04a8b,text,legacy-or-support-source,byte/line inventory+syntax compiler+Semgrep/Bandit+targeted dangerous-API review+tests
frontends/continue_cmd.py,100644,49398,1189,4cfa1f4606c62721917afb8ed96e53d8a2a80f388f69a9543aa67e97287e6c48,text,legacy-or-support-source,byte/line inventory+syntax compiler+Semgrep/Bandit+targeted dangerous-API review+tests
frontends/cost_tracker.py,100644,7232,176,b519653d1e79887d7f74b16d59c9e1bf2a6454d3ac30ee60c7102fb19a71488c,text,legacy-or-support-source,byte/line inventory+syntax compiler+Semgrep/Bandit+targeted dangerous-API review+tests
frontends/dcapp.py,100644,20951,484,641a55d51ad552aaa95016493ebbcc1bb795489ad1647dd7b2b23656fc8936eb,text,legacy-or-support-source,byte/line inventory+syntax compiler+Semgrep/Bandit+targeted dangerous-API review+tests
frontends/desktop_bridge.py,100644,92341,2241,025987d775288786e0553704472e2413f7db41e0863bdd2850c0922cfcf43bbc,text,legacy-or-support-source,byte/line inventory+syntax compiler+Semgrep/Bandit+targeted dangerous-API review+tests
frontends/DESKTOP_PET_README.md,100644,3904,180,a349dda0f522bcfa17892a554232115889ce6df469dc573617d957b05553c873,text,docs-config,byte/line inventory+targeted claim/config consistency review
frontends/desktop_pet_v2.pyw,100644,44234,1091,8710361d87fd2b45d3b02093b6c34e9fdfbb31dc693402b416ec575c7de67ee6,text,other,line scan+hash+repository consistency review
frontends/desktop/.gitignore,100644,115,9,9ef52c967d7b4b5d8bd3cd148a111b8adb2b316d0e9c9303aa61dfe0cd02d32f,text,other,line scan+hash+repository consistency review
frontends/desktop/package-lock.json,100644,7437,248,5a155ec3b3c7ab37a77eceb82c83194ea81b4947e8ea8ac91b27997e2a53b94d,text,dependency-lock,line scan+package parser+SCA+SBOM
frontends/desktop/package.json,100644,276,14,d74f089a1a2226ef1e14d78baf362c8c917366993cc876c29d997d2edba3fc97,text,docs-config,byte/line inventory+targeted claim/config consistency review
frontends/desktop/src-tauri/build.rs,100644,39,4,487059eaf8a947b80f20a9aacac038a5047b2ad69d2401b827376c67d6fe847f,text,legacy-or-support-source,byte/line inventory+syntax compiler+Semgrep/Bandit+targeted dangerous-API review+tests
frontends/desktop/src-tauri/capabilities/default.json,100644,407,17,e4c675c36f209c504a66850d8bf8ec104c3efc91d8a02f214da181e5ed8bdeff,text,docs-config,byte/line inventory+targeted claim/config consistency review
frontends/desktop/src-tauri/Cargo.lock,100644,132110,5405,f53bccdaa07957cb43513117e4cacd9612ddebd326c60405d83479a67a191a9c,text,dependency-lock,line scan+package parser+SCA+SBOM
frontends/desktop/src-tauri/Cargo.toml,100644,452,21,02becf7e2bf8032a5d5f26340dd71135dd8e0156503ee787a08cabe6b8904073,text,docs-config,byte/line inventory+targeted claim/config consistency review
frontends/desktop/src-tauri/icons/128x128.png,100644,23621,0,7d800560cbde7195deee9ab4dc470e9678aa0c690ead6859e1433c5130b83d2b,binary,binary-asset,sha256+format/build/package inspection
frontends/desktop/src-tauri/icons/128x128@2x.png,100644,62600,0,7491762f2825acfa35a426e1a0ac76c85c0aca5078d59a2957bb9ded31b6c53f,binary,binary-asset,sha256+format/build/package inspection
frontends/desktop/src-tauri/icons/32x32.png,100644,2628,0,31b1807944b54a21e64507871784bdea6871ebffd276108e0358ca813c1cdfa2,binary,binary-asset,sha256+format/build/package inspection
frontends/desktop/src-tauri/icons/dmg-background.png,100644,47133,0,3e4a6dcb6ca2a0a7676acaba59a75a0bc4f668e1e122d367d1164b370f2bcc14,binary,binary-asset,sha256+format/build/package inspection
frontends/desktop/src-tauri/icons/icon.icns,100644,677075,0,9f29f48e2b91c1e5a88f338d49e96e95134268f6f02a3d4e704d045bdf6aa056,binary,binary-asset,sha256+format/build/package inspection
frontends/desktop/src-tauri/icons/icon.ico,100644,104757,0,8c4e15c808860452ed32327ccfcd62565b02152e87232a67c1230bc868a3c836,binary,binary-asset,sha256+format/build/package inspection
frontends/desktop/src-tauri/icons/icon.png,100644,133189,0,4298e9464515fc5b3eaf5f3dc9afceb74aacf04ede9161273064bd23d31c3e11,binary,binary-asset,sha256+format/build/package inspection
frontends/desktop/src-tauri/resources/penglai-runtime/README.md,100644,481,20,32379d173a866857274d85593301aa94b00eeacd0a41a4ec486badfdfb3faa90,text,docs-config,byte/line inventory+targeted claim/config consistency review
frontends/desktop/src-tauri/src/lib.rs,100644,58208,1657,e4a0c22d7da299ac4456f283532b400b6d2d96b974af629aa8782ecefb6f01ee,text,legacy-or-support-source,byte/line inventory+syntax compiler+Semgrep/Bandit+targeted dangerous-API review+tests
frontends/desktop/src-tauri/src/main.rs,100644,113,6,c44bc4b012c8d0d7648fb554716b650b5ae1978716abb00ddeb978a1dc48ba54,text,legacy-or-support-source,byte/line inventory+syntax compiler+Semgrep/Bandit+targeted dangerous-API review+tests
frontends/desktop/src-tauri/tauri.conf.json,100644,3063,88,819243d50daaa921d796ac5d3b868da2ba470b656b8d186c876fbd9dfbc8939b,text,docs-config,byte/line inventory+targeted claim/config consistency review
frontends/desktop/static/app.js,100644,151517,3683,37a1186876db432635259adcdd2277860f7f6eb993413f3a4e9511ba80f9ae86,text,legacy-or-support-source,byte/line inventory+syntax compiler+Semgrep/Bandit+targeted dangerous-API review+tests
frontends/desktop/static/fallback.html,100644,49346,1071,74b12b84cd45769cf974c6ae75572297a4bca2bcda688551390c28ebcaefde17,text,legacy-or-support-source,byte/line inventory+syntax compiler+Semgrep/Bandit+targeted dangerous-API review+tests
frontends/desktop/static/index.html,100644,15390,305,8df1de001ecd7c949ea695f9b7caf8b4be4626c237c843ae2848fb9c9addc211,text,legacy-or-support-source,byte/line inventory+syntax compiler+Semgrep/Bandit+targeted dangerous-API review+tests
frontends/desktop/static/loading.html,100644,749,15,64041cacb9add462bbeff3ff75f1ee8d7eefb642db4f06402c2435c562509c82,text,legacy-or-support-source,byte/line inventory+syntax compiler+Semgrep/Bandit+targeted dangerous-API review+tests
frontends/desktop/static/penglai-web.js,100644,9674,216,3d1a2588650de5a034f4b2d1f2d19df6be1da5663f894d74af87ebe22757d2c7,text,legacy-or-support-source,byte/line inventory+syntax compiler+Semgrep/Bandit+targeted dangerous-API review+tests
frontends/desktop/static/styles.css,100644,76540,2022,88527d8fe9edd372706c8ceee07523dfc9947cb6d4e409aced47e40ce232fdb8,text,legacy-or-support-source,byte/line inventory+syntax compiler+Semgrep/Bandit+targeted dangerous-API review+tests
frontends/desktop/static/vendor/marked.min.js,100644,39589,7,934e3e36e9e2da0afb1a6e75075bb0f09af05293a844e84a7477ef40911c349a,text,legacy-or-support-source,byte/line inventory+syntax compiler+Semgrep/Bandit+targeted dangerous-API review+tests
frontends/dingtalkapp.py,100644,7367,159,c5cec121a62d0d57c7653a7bdb8addc9600fe60aff0ae9c3e0e4d438629d23bf,text,legacy-or-support-source,byte/line inventory+syntax compiler+Semgrep/Bandit+targeted dangerous-API review+tests
frontends/export_cmd.py,100644,2886,79,53eef8999789e106ea2178765577a4473f69fd2396630ede9c6b32ff886a04dc,text,legacy-or-support-source,byte/line inventory+syntax compiler+Semgrep/Bandit+targeted dangerous-API review+tests
frontends/fsapp.py,100644,37995,993,c9690212f85b343f815344064ad93df9fb60607de38c93b3f0c86b445e2eaafc,text,legacy-or-support-source,byte/line inventory+syntax compiler+Semgrep/Bandit+targeted dangerous-API review+tests
frontends/genericagent_acp_bridge.py,100644,14442,376,4ce4e79cc610cfed0969344f77a8618b9c7aaa09a9db91119da0f102065b2011,text,legacy-or-support-source,byte/line inventory+syntax compiler+Semgrep/Bandit+targeted dangerous-API review+tests
frontends/keysym.py,100644,2516,73,f0956c62667b2f5bec4ce21436245082399a75873f2b4703bbb4cfb5cd4085a8,text,legacy-or-support-source,byte/line inventory+syntax compiler+Semgrep/Bandit+targeted dangerous-API review+tests
frontends/model_cmd.py,100644,5174,121,3396054e868cea35110384210f0054a50b661db5fd2b069dbdf7a3e9d607e5a9,text,legacy-or-support-source,byte/line inventory+syntax compiler+Semgrep/Bandit+targeted dangerous-API review+tests
frontends/plan_state.py,100644,7846,191,1d62db6443bb26c9a549baf3afe001f33afd499a2f92a81d727fe4ef699b49b7,text,legacy-or-support-source,byte/line inventory+syntax compiler+Semgrep/Bandit+targeted dangerous-API review+tests
frontends/qqapp.py,100644,5523,138,55d6ff5f4a625784982de1b8cf3253a3d45715e2b7fbf0d9d050ea990b236580,text,legacy-or-support-source,byte/line inventory+syntax compiler+Semgrep/Bandit+targeted dangerous-API review+tests
frontends/qtapp.py,100644,107282,2513,8e1b57e57e1ac030aa59d7e82b276268cafdd47aeecb6bd80697718408d5ad35,text,legacy-or-support-source,byte/line inventory+syntax compiler+Semgrep/Bandit+targeted dangerous-API review+tests
frontends/review_cmd.py,100644,4105,82,99a9ab81353731f7fbff6f93549b05296399f5a2c65ce7e92c3d046563312fd9,text,legacy-or-support-source,byte/line inventory+syntax compiler+Semgrep/Bandit+targeted dangerous-API review+tests
frontends/session_names.py,100644,3784,108,7d382f7db94abf6662aadf9d6ce359dae688de8ad5f415d0d50c70017323e69a,text,legacy-or-support-source,byte/line inventory+syntax compiler+Semgrep/Bandit+targeted dangerous-API review+tests
frontends/skins/boy/pet.png,100644,9074,0,ec607d9749345587580ccd577e2e4b80cb70fb449c7d2f4790443b8d6e4306d8,binary,binary-asset,sha256+format/build/package inspection
frontends/skins/boy/skin.json,100644,1312,66,acac43d43c92a74e5028f6ca0891538c4db93d8833155eaf2e8dd3d0fa5c9446,text,docs-config,byte/line inventory+targeted claim/config consistency review
frontends/skins/boy/skin.png,100644,165076,0,6e27e74b1d8842ebfc99a63c07ff846e307f9568809714f72060077b9b0678db,binary,binary-asset,sha256+format/build/package inspection
frontends/skins/dinosaur/pet.png,100644,871,0,04d9cd9f481eef22db7f7ed09cadc1efec89f96314b1f09699a26ac11570c9aa,binary,binary-asset,sha256+format/build/package inspection
frontends/skins/dinosaur/skin.json,100644,1342,63,b69c6dab28a4714c558a6499eb24b72b758b81d2e119da4a394c61d9411a3303,text,docs-config,byte/line inventory+targeted claim/config consistency review
frontends/skins/dinosaur/skin.png,100644,2902,0,c13301b6cd93e357dfc1530d444a054d99d64a89cc0a078c7948da6395e71654,binary,binary-asset,sha256+format/build/package inspection
frontends/skins/doux/pet.png,100644,568,0,849c89961caafee1f2754e54ec33480f5d830a5013c1be368981181f42a3e87e,binary,binary-asset,sha256+format/build/package inspection
frontends/skins/doux/skin.json,100644,1234,62,a0d12f7e61512b0fc7b0adf27455aeb86fc4a9614ac470cc783cbe6d3146e9b4,text,docs-config,byte/line inventory+targeted claim/config consistency review
frontends/skins/doux/skin.png,100644,1899,0,9f1e25749a47a817639cdefefb68ed9878334481042f39922d95b0695584018e,binary,binary-asset,sha256+format/build/package inspection
frontends/skins/line/License.txt,100644,221,6,f9cbbd16d713c2e5a3a5d2f9b357fb689924e9eb35d5fdf9516c0ae85f231587,text,docs-config,byte/line inventory+targeted claim/config consistency review
frontends/skins/line/pet.png,100644,15050,0,abdfb9c554b3e0e9a54e7c98ff4275b04a1b7dfc626dcd4f3488d48e45e65fb3,binary,binary-asset,sha256+format/build/package inspection
frontends/skins/line/skin.json,100644,1256,63,ab6ca36df01b2193b61b8cd257239d07cd557cbdd88c6cdac462dce513d53d87,text,docs-config,byte/line inventory+targeted claim/config consistency review
frontends/skins/line/skin.png,100644,166786,0,98f872daa91edbb70a0fb85683c2a77b757c79ebbe297609159f8d6151bc47e4,binary,binary-asset,sha256+format/build/package inspection
frontends/skins/mort/pet.png,100644,567,0,91bfa6fd42440e2e5ad9752be2af9ca68922b4a4c0385c829fe6efdbb3343c31,binary,binary-asset,sha256+format/build/package inspection
frontends/skins/mort/skin.json,100644,1234,62,a1468bb37b73c27f4a8d9966e112197baa2b2fac996512f5a59cd64ea089ff86,text,docs-config,byte/line inventory+targeted claim/config consistency review
frontends/skins/mort/skin.png,100644,1906,0,e943ca70acce1e936d4e17ffdc068e1f7b0824c844f728fe11e7b1a699930136,binary,binary-asset,sha256+format/build/package inspection
frontends/skins/tard/pet.png,100644,580,0,f00047b7d69c0d5a5ab00fcc489f52d466be78533e1f8bd371ae6891b35099fd,binary,binary-asset,sha256+format/build/package inspection
frontends/skins/tard/skin.json,100644,1234,62,9c021c6f0c051a558c7c6386205f27bcc4dc2d8c2e8059e4df9587626bef8d9d,text,docs-config,byte/line inventory+targeted claim/config consistency review
frontends/skins/tard/skin.png,100644,1920,0,bcfda2b005df54c02ce11e5293583d94313b40e2ed349de28f0d85b259df4b50,binary,binary-asset,sha256+format/build/package inspection
frontends/skins/vita/pet.png,100644,581,0,9e264252c8889d32d1ee0ef1d2b6cf3ec803beac549c5435dc700640181bd4ce,binary,binary-asset,sha256+format/build/package inspection
frontends/skins/vita/skin.json,100644,1234,62,a971d6868bcc1dfc455e4fa145db1a42eba6bf2408bcdc5672423e1f8de8ffa5,text,docs-config,byte/line inventory+targeted claim/config consistency review
frontends/skins/vita/skin.png,100644,1957,0,b1066ad427c2b8a578269fa5fd481a36ddfdc197867370af60c15a51f03fed46,binary,binary-asset,sha256+format/build/package inspection
frontends/slash_cmds.py,100644,27126,614,e8dd75a8ac21b3649a5356c6986e472b478af3afa08636161a7b2eda0dec5ead,text,legacy-or-support-source,byte/line inventory+syntax compiler+Semgrep/Bandit+targeted dangerous-API review+tests
frontends/stapp.py,100644,17237,339,4417c09f8de47102f496c06870a10cb48febafd134e10a2cbc641941afbfbbff,text,legacy-or-support-source,byte/line inventory+syntax compiler+Semgrep/Bandit+targeted dangerous-API review+tests
frontends/stapp2.py,100644,38073,1050,7f48f4db106b4c0695febc2e5d43c4e3273c0663f63f239d08681e12185dbca1,text,legacy-or-support-source,byte/line inventory+syntax compiler+Semgrep/Bandit+targeted dangerous-API review+tests
frontends/tgapp.py,100644,54752,1395,dea21984cecf444dce0f60840e607fdb25f387c853f1a6282370d602fd15acda,text,legacy-or-support-source,byte/line inventory+syntax compiler+Semgrep/Bandit+targeted dangerous-API review+tests
frontends/tui_v3.py,100644,291138,6034,53c35b0c6a37166c6c54018032fd34ff5eb30770b38bc7acc33261a443f357bf,text,legacy-or-support-source,byte/line inventory+syntax compiler+Semgrep/Bandit+targeted dangerous-API review+tests
frontends/tuiapp_v2.py,100644,399361,8744,853245cd7f59cbf14ee7d41d335365d1696fc3d85e6d50a7261cef0719c21491,text,legacy-or-support-source,byte/line inventory+syntax compiler+Semgrep/Bandit+targeted dangerous-API review+tests
frontends/tuiapp.py,100644,31295,780,42ddb587b0a1dff5a410c1f55f74f623470882e3ff950fb6c76e908785ba675e,text,legacy-or-support-source,byte/line inventory+syntax compiler+Semgrep/Bandit+targeted dangerous-API review+tests
frontends/wechatapp.py,100644,25730,511,95a4af426eb4528e33faef644619696c85b062c0233e833213dc02adddd70a04,text,legacy-or-support-source,byte/line inventory+syntax compiler+Semgrep/Bandit+targeted dangerous-API review+tests
frontends/wecomapp.py,100644,17861,364,053feeac429029cf9d53901664bf7775dacfe2ef1d70343fe7a30bd30da1ad30,text,legacy-or-support-source,byte/line inventory+syntax compiler+Semgrep/Bandit+targeted dangerous-API review+tests
frontends/workspace_cmd.py,100644,18004,479,c49f520e794d35032280bd73dfe50c48b02342aabd4b883e80c570d857f34f44,text,legacy-or-support-source,byte/line inventory+syntax compiler+Semgrep/Bandit+targeted dangerous-API review+tests
frontends/worldline.py,100644,58434,1264,9a9ed2c74bb6fe7380600833ca52a717698db83b29ad897d30835c1147f8710d,text,legacy-or-support-source,byte/line inventory+syntax compiler+Semgrep/Bandit+targeted dangerous-API review+tests
ga,100755,113,6,90be00e3268f9681e64fbdc284166226d1fcedc078a45d36310107dbf9030bc0,text,other,line scan+hash+repository consistency review
ga_cli/__init__.py,100644,1192,31,c56b12ec3f4d30a9f53189c991ae08f9031f65d61d0e1fc59a00fff4dc0bccc1,text,legacy-or-support-source,byte/line inventory+syntax compiler+Semgrep/Bandit+targeted dangerous-API review+tests
ga_cli/__main__.py,100644,64,4,4a390583518b328ba72fd0e2e08b868ffbd42581a19b311734f8adb950e19545,text,legacy-or-support-source,byte/line inventory+syntax compiler+Semgrep/Bandit+targeted dangerous-API review+tests
ga_cli/cli.py,100644,7089,226,de6aed82019f73621b7ee0f3f0d6ebb28a78af6545ad11bdc0e6eb5b1c0eff3b,text,legacy-or-support-source,byte/line inventory+syntax compiler+Semgrep/Bandit+targeted dangerous-API review+tests
ga_cli/ga_cli.cmd,100644,116,6,56d793fb249e48fa8591c78ee64ed47eb8b8e22bbb14d9496b418e3700cc331b,text,other,line scan+hash+repository consistency review
ga_cli/ga-cli-install.cmd,100644,2079,63,db1fc84c9bff2ca324203c4d1ba1cf9e84b1b8b9321eb34bb76c08965945a7bf,text,other,line scan+hash+repository consistency review
ga.cmd,100644,114,6,b06f709407e8ab6d4203c419cfe53cdbb7d97c342ae6512eb321e7d35b91daec,text,other,line scan+hash+repository consistency review
ga.py,100644,40357,721,cfbd0564bee58edd3feb729e10a460b42b8aacd597da709fc66d48ae5451c47b,text,legacy-or-support-source,byte/line inventory+syntax compiler+Semgrep/Bandit+targeted dangerous-API review+tests
hub.pyw,100644,10001,277,f6e7d297d490ef07db6e41388f6d71ab0e60b623e1ac9b8b7098421a7129bcf5,text,other,line scan+hash+repository consistency review
install.ps1,100644,956,27,ac8e84d13bff37d28ceab4c82db96d143b5e06d84bb3c0340cbced58a0c95b49,text,other,line scan+hash+repository consistency review
install.sh,100755,1028,29,82127ee8e0504ef855541db90e9ebf6498ae3c2f53efcbc54873c1d02738ffd8,text,legacy-or-support-source,byte/line inventory+syntax compiler+Semgrep/Bandit+targeted dangerous-API review+tests
installer/penglai_bootstrap.py,100644,8622,194,146195a13bd006c34b0d3eb22ecae407fb076f67aa7eaa618cd34a70b9a419cf,text,legacy-or-support-source,byte/line inventory+syntax compiler+Semgrep/Bandit+targeted dangerous-API review+tests
installer/pyproject.toml,100644,1246,35,ff72325dcbde61e4e55a7cf4655d89994df0e65b4841b7555facc6854ffd3f8d,text,docs-config,byte/line inventory+targeted claim/config consistency review
installer/README.md,100644,1219,26,6fc4357bf29984ea874d550345d951648b072c627f5da4c09f4051c7020ebd1e,text,docs-config,byte/line inventory+targeted claim/config consistency review
launch.pyw,100644,8125,155,eceaf724048f7605b580556f587e814b93f250bdebe5df99bd7154a7c96e33da,text,other,line scan+hash+repository consistency review
LICENSE,100644,1065,22,1d4ed949b4ec9b506d44198033115b8b9847aa0515f9d3465ab2b0d8f7d65a87,text,other,line scan+hash+repository consistency review
llmcore.py,100644,65881,1164,eef43e896ef980e2d2bc44a09a29594165ef13440f2afff994c717e2a2c1d746,text,legacy-or-support-source,byte/line inventory+syntax compiler+Semgrep/Bandit+targeted dangerous-API review+tests
memory/adb_ui.py,100644,4186,92,7d3c3fdfb22581ac8ed26c7afe9ffd1b1eec356b2b8762487e2aeb6c0555717e,text,legacy-or-support-source,byte/line inventory+syntax compiler+Semgrep/Bandit+targeted dangerous-API review+tests
memory/autonomous_operation_sop.md,100644,2539,45,9b1ad258e13ddccf712e9fcd878fa29d488c2bf9335153d9d37ba9108480b64f,text,docs-config,byte/line inventory+targeted claim/config consistency review
memory/autonomous_operation_sop/helper.py,100644,5240,137,163160391fc65f1cd3976df9729d3b2d2dddcac245d109ec5299f60fcb7c6f82,text,legacy-or-support-source,byte/line inventory+syntax compiler+Semgrep/Bandit+targeted dangerous-API review+tests
memory/autonomous_operation_sop/task_planning.md,100644,3619,41,f905c1ff6351c414949e94889db85de43eae270537c61c9b0667b8dc3e30d9b9,text,docs-config,byte/line inventory+targeted claim/config consistency review
memory/checklist_helper.py,100644,4788,113,50eb76913012351e56750ab606992b84ee52ad5a8b939c97697f68de1640bc03,text,legacy-or-support-source,byte/line inventory+syntax compiler+Semgrep/Bandit+targeted dangerous-API review+tests
memory/checklist_sop.md,100644,3695,98,98123f11ce16ede0aea290093cf07eb4746506fdc0964a402d0fca26ad4de043,text,docs-config,byte/line inventory+targeted claim/config consistency review
memory/code_review_principles.md,100644,3852,42,37617ebecf1a8b4e9f30aec90d145cae3386930f8ca4439faf7ac8be4229ef79,text,docs-config,byte/line inventory+targeted claim/config consistency review
memory/computer_use.md,100644,3567,42,893038e5216e4464894a247f69ff228b6cf4148aebad7bdefd010281c51aba52,text,docs-config,byte/line inventory+targeted claim/config consistency review
memory/github_contribution_sop.md,100644,4017,118,da0e92a5ac70077a776c8861d4e938ef03dc4f7c4a06dbefb9cfc7a0b6d9460c,text,docs-config,byte/line inventory+targeted claim/config consistency review
memory/goal_hive_master_duty.md,100644,5288,50,5bb81a7d1d8302dcef51901a21e17a0a5930e236eb6e8b168e6f653f37e64d88,text,docs-config,byte/line inventory+targeted claim/config consistency review
memory/goal_hive_sop.md,100644,2885,54,a12f41982ac146202a7bb5f42a7059313b29b4913e7ebdd6331ea77a7b074693,text,docs-config,byte/line inventory+targeted claim/config consistency review
memory/goal_mode_sop.md,100644,1326,51,3ee6ee39022bf9dd5b5fe8cce03f82f7309edd504a74cdbe0b182116a5f5010e,text,docs-config,byte/line inventory+targeted claim/config consistency review
memory/incubator_sop.md,100644,1247,31,e3441eb7338626e61b40b79dd21c55d570e86a7317e8889e8ba8396070702c75,text,docs-config,byte/line inventory+targeted claim/config consistency review
memory/keychain.py,100644,2890,65,bf9f0e9942dc650bd9ba9523fa32ea41aee0d348507d395e1757bcd96e0cff54,text,legacy-or-support-source,byte/line inventory+syntax compiler+Semgrep/Bandit+targeted dangerous-API review+tests
memory/L4_raw_sessions/compress_session.py,100644,11040,255,29957672aa3bd93871eeec9248afa2e8bfa7a0a20e5d42a49c48bb98346b276f,text,legacy-or-support-source,byte/line inventory+syntax compiler+Semgrep/Bandit+targeted dangerous-API review+tests
memory/L4_raw_sessions/salient_mining_sop.md,100644,3576,66,6de5543ffe1391f3f9c39b8f11e4a53e5ce7ef63d2f5c1f8dfd807613ca2c001,text,docs-config,byte/line inventory+targeted claim/config consistency review
memory/ljqCtrl_sop.md,100644,3182,41,ed3aae618422678f0ab5212a3a11edcb9b314ea6cd6233f45380a89bc9b50850,text,docs-config,byte/line inventory+targeted claim/config consistency review
memory/ljqCtrl.py,100644,8674,178,0efa93a7bde4d5b5afec975de4e48dfe86d9aaf989cfe0016d6841fcc1c60d9f,text,legacy-or-support-source,byte/line inventory+syntax compiler+Semgrep/Bandit+targeted dangerous-API review+tests
memory/macljqCtrl.py,100644,22116,550,581526640b2e8a29de24419d9f9e214fb45ea70b756b64e1cbc750d58ac5addd,text,legacy-or-support-source,byte/line inventory+syntax compiler+Semgrep/Bandit+targeted dangerous-API review+tests
memory/memory_cleanup_sop.md,100644,2642,38,de96abf16b49f3abbbc9b98ef966f450a57cde7e78787f503cc6ff9ee5afaeb6,text,docs-config,byte/line inventory+targeted claim/config consistency review
memory/memory_management_sop.md,100644,6231,92,623273e74a5b9f325db7e85c031d13d8effe4417892379592cc58ac0c196371c,text,docs-config,byte/line inventory+targeted claim/config consistency review
memory/morphling_sop.md,100644,3440,44,4391910aac741288d957c8886e4d8388213446c91e665f3a91663a1af63ccd20,text,docs-config,byte/line inventory+targeted claim/config consistency review
memory/ocr_utils.py,100644,3800,101,68e21a92f7f7950a16e2666338ac4b023526279a2c1381ca2e08efddc2b8119b,text,legacy-or-support-source,byte/line inventory+syntax compiler+Semgrep/Bandit+targeted dangerous-API review+tests
memory/penglai_channels_sop.md,100644,2674,38,876ae53866abe1b86109b478e6a78dd2230049ae28fa6807e9cfde48a97bbb5c,text,docs-config,byte/line inventory+targeted claim/config consistency review
memory/penglai_checkpoint_sop.md,100644,1552,28,16e1a1c12ec85862275fcbf3f8658db420ba4980bbdc18c427f730ac05082594,text,docs-config,byte/line inventory+targeted claim/config consistency review
memory/penglai_compress_sop.md,100644,1522,21,a640ee2514fbb89ec57372a3c0d5f5ed0cc0fb89213ec7137e1cb654aaae897a,text,docs-config,byte/line inventory+targeted claim/config consistency review
memory/penglai_genmedia_sop.md,100644,1902,26,ded81a0b84e609fb1531d7b83a396634381f282fa5e42ae068b9cb51f7c7db22,text,docs-config,byte/line inventory+targeted claim/config consistency review
memory/penglai_im_vision_sop.md,100644,2641,25,52d3b269b0230da7a245bccb4e508b586975d7783888bdccf45a2960ab784161,text,docs-config,byte/line inventory+targeted claim/config consistency review
memory/penglai_memsig_sop.md,100644,2315,36,afc1ab85e934ad6bac652592f04af78119b5d57b859d73ff51a256c039aff878,text,docs-config,byte/line inventory+targeted claim/config consistency review
memory/penglai_self_restart_sop.md,100644,1934,26,1c3453ee1ca9cc0aebe84be734e720c9a74c807c593d306ba50fb44d0b962ea1,text,docs-config,byte/line inventory+targeted claim/config consistency review
memory/penglai_weather_sop.md,100644,1927,34,91a6898abde5b0d49abccd99c563b95e38759d878bafdd169b955fdabce2e3bf,text,docs-config,byte/line inventory+targeted claim/config consistency review
memory/plan_sop.md,100644,12087,264,8e07fed38eba4932f69ca9b2f046ab74b15c122ebf8ddc47e12cfc23cba8a4b2,text,docs-config,byte/line inventory+targeted claim/config consistency review
memory/procmem_scanner_sop.md,100644,1506,37,b5a23f66a8725d5cf5ba488204423f3dbf42098a478755c6ef2bbff278a1581d,text,docs-config,byte/line inventory+targeted claim/config consistency review
memory/procmem_scanner.py,100644,4950,120,566413c6974dc9681e1139a333399d652ac1ddcfc281d5876b99a3f033d61efc,text,legacy-or-support-source,byte/line inventory+syntax compiler+Semgrep/Bandit+targeted dangerous-API review+tests
memory/project_mode_sop.md,100644,2123,31,ea78f2298ec303bda6a2707ac22e67cdca9874b7ce8c340a03e7b75dff1be0b6,text,docs-config,byte/line inventory+targeted claim/config consistency review
memory/review_sop.md,100644,6731,170,ad7f3a2cdaee092bbab43688a2438ac945b2718bdc665a7ac21570d3963ab5cc,text,docs-config,byte/line inventory+targeted claim/config consistency review
memory/review_sop/review_inline_prompt.en.txt,100644,8123,182,744883d449acb94beea148ad5394961205d0803be16bd41337c258480fecda7f,text,docs-config,byte/line inventory+targeted claim/config consistency review
memory/review_sop/review_inline_prompt.txt,100644,7895,162,a627c91542581ff79cf8a4ff9280446f981b1954a55aa21aaa99982cb5035516,text,docs-config,byte/line inventory+targeted claim/config consistency review
memory/scheduled_task_sop.md,100644,1490,27,ec9c1081dbdc3872e9076906a588c7bc061891027aa5b27119e3c0ca2f71f5ef,text,docs-config,byte/line inventory+targeted claim/config consistency review
memory/subagent.md,100644,3932,63,cd5df2a600e618d5a8b3f3d0dfec0cd9802776df936634a5cda797a8dc91e0f8,text,docs-config,byte/line inventory+targeted claim/config consistency review
memory/supervisor_sop.md,100644,3667,60,46b3dc2d3556fc93390d35b38caa088df0c21e1a5f66931acfae37c3d0897024,text,docs-config,byte/line inventory+targeted claim/config consistency review
memory/tmwebdriver_sop.md,100644,9470,133,992d996cbaa4ba5297b76dbc68ad198856ed33d5648d441b67d6423e15dd9e58,text,docs-config,byte/line inventory+targeted claim/config consistency review
memory/ui_detect.py,100644,8796,200,9bd0d6e0376f48c81cd45a40e298c2c3d07055c038a37dd208a4b5093e50d75c,text,legacy-or-support-source,byte/line inventory+syntax compiler+Semgrep/Bandit+targeted dangerous-API review+tests
memory/verify_sop.md,100644,2420,65,63b78abf0ffe0b31ad26c0c6856ec86b1a44bd876e4ae7ac94cd1305d79e0abe,text,docs-config,byte/line inventory+targeted claim/config consistency review
memory/vision_api.template.py,100644,5142,120,b60e4f1c11d30afb1c1057f4f33aef75bd215a2dd3df184a88f33f952b5bed93,text,legacy-or-support-source,byte/line inventory+syntax compiler+Semgrep/Bandit+targeted dangerous-API review+tests
memory/vision_sop.md,100644,1486,24,845cd770113f677913da29812f0f75223a2b73343d9ddcdd4b65d2c8c87de99f,text,docs-config,byte/line inventory+targeted claim/config consistency review
memory/vue3_component_sop.md,100644,9427,201,d3618f32d04a6264e3eb0b45e7da29327f4b9f3cbd1df06aaea2517eddeb6458,text,docs-config,byte/line inventory+targeted claim/config consistency review
memory/web_setup_sop.md,100644,1292,25,656a217c49246d7490adbb9e50a59354795d9d23aaea5b71858d562f37b4a34e,text,docs-config,byte/line inventory+targeted claim/config consistency review
mykey_template_en.py,100644,4299,77,944c22c1b43cb822c339387ece2ee14d2690a4c44f4282b5ceb0d4688e7694f4,text,legacy-or-support-source,byte/line inventory+syntax compiler+Semgrep/Bandit+targeted dangerous-API review+tests
mykey_template.py,100644,32831,427,3e796c48cd8e066ef8a80e84ae631fda7e5043bb13034ac3a38630e934372411,text,legacy-or-support-source,byte/line inventory+syntax compiler+Semgrep/Bandit+targeted dangerous-API review+tests
NOTICE,100644,3064,68,1b38a0683a6678beb793a8d9952491ee4e0fea0a74c52b0667c73d5595c1230a,text,other,line scan+hash+repository consistency review
package-lock.json,100644,252323,7016,ed9a082b3032d8ce08d029e9f8d4ea85a9eb204a8a9e20c741970bf9013a7c64,text,dependency-lock,line scan+package parser+SCA+SBOM
package.json,100644,1066,41,26ad5e7e9fdde73d10d70287d8a11249a6cba4de97ac36dcfc50902bdd6f3ff3,text,docs-config,byte/line inventory+targeted claim/config consistency review
packages/desktop/.gitignore,100644,110,8,95d41ba547dc4c7274e0105ff0d3363a208aa814f7be80ecd33c8eece5334bda,text,other,line scan+hash+repository consistency review
packages/desktop/index.html,100644,311,13,fe7d46d78eca0c4f7f14b2f694a0882632f908e2d70d8bba2973908c05c94b8d,text,legacy-or-support-source,byte/line inventory+syntax compiler+Semgrep/Bandit+targeted dangerous-API review+tests
packages/desktop/package.json,100644,1457,42,35bd6d8aa9893b0b4d574209b9e73b19f7f23324b97120286bb1ac50eaaf532b,text,docs-config,byte/line inventory+targeted claim/config consistency review
packages/desktop/scripts/build-local-dmg.mjs,100644,3170,84,c2b77e0bf32624ef78b0191f422e1456b2f8237c36cf899d4be581edd0aea3ca,text,legacy-or-support-source,byte/line inventory+syntax compiler+Semgrep/Bandit+targeted dangerous-API review+tests
packages/desktop/scripts/require-release-signing.mjs,100644,733,24,f5bc98c7d68ad1834764cb24797f068bb48c90b35df400847b6fa47c048d798d,text,legacy-or-support-source,byte/line inventory+syntax compiler+Semgrep/Bandit+targeted dangerous-API review+tests
packages/desktop/src-tauri/build.rs,100644,39,4,487059eaf8a947b80f20a9aacac038a5047b2ad69d2401b827376c67d6fe847f,text,0.4-desktop-native-update,byte/line inventory+Rust/TypeScript compiler+Semgrep+targeted manual trust-boundary review+tests
packages/desktop/src-tauri/capabilities/default.json,100644,796,26,87da73f403a0fc5ea3d329c02db8e5329da6cf91376d96ae41dd90d90cdbb170,text,0.4-desktop-native-update,byte/line inventory+Rust/TypeScript compiler+Semgrep+targeted manual trust-boundary review+tests
packages/desktop/src-tauri/Cargo.lock,100644,134597,5557,e9d96b7bcb2c8a9a0253bdf5592e1d17d7898fef2fa803726782ff6b2b66fcb2,text,0.4-desktop-native-update,byte/line inventory+Rust/TypeScript compiler+Semgrep+targeted manual trust-boundary review+tests
packages/desktop/src-tauri/Cargo.toml,100644,689,32,0aea88c6426227bfded3e2df23d2e87ff69b93bebfcf12cbd4a9e7a16f55a3ad,text,0.4-desktop-native-update,byte/line inventory+Rust/TypeScript compiler+Semgrep+targeted manual trust-boundary review+tests
packages/desktop/src-tauri/icons/128x128.png,100644,26907,0,a6169ffe2832e04bfe1356b6c706c8c2686df293653c8dde12fa184e051790d7,binary,0.4-desktop-native-update,sha256+format/build/package inspection
packages/desktop/src-tauri/icons/128x128@2x.png,100644,101009,0,0567ebe800563d739fe6e75813b08b867ad9a5226255f0f6d6ca953fa02966ee,binary,0.4-desktop-native-update,sha256+format/build/package inspection
packages/desktop/src-tauri/icons/32x32.png,100644,2212,0,7bf4240ae79472e7da3152b8c3c21e665008fba55d5a03db2c71a996c4f20c6d,binary,0.4-desktop-native-update,sha256+format/build/package inspection
packages/desktop/src-tauri/icons/dmg-background.png,100644,129696,0,a8c4b65d9eda92da28baaa287159786c699f8d511ff818ab29c70237b6fc9ea6,binary,0.4-desktop-native-update,sha256+format/build/package inspection
packages/desktop/src-tauri/icons/icon.icns,100644,2331744,0,f55e9b0d46718dfb5f46038efa6ce31f88b26d512cc8609dc64923c60a511792,binary,0.4-desktop-native-update,sha256+format/build/package inspection
packages/desktop/src-tauri/icons/icon.ico,100644,143766,0,3095534beb62ee7738cc2bfc5674511422a1a06840f8d752e52ca4c50daf79e5,binary,0.4-desktop-native-update,sha256+format/build/package inspection
packages/desktop/src-tauri/icons/icon.png,100644,1039797,0,2ccd817bbe6714644179be15e342a605e0e56842998f47d21a629bb49e705560,binary,0.4-desktop-native-update,sha256+format/build/package inspection
packages/desktop/src-tauri/Info.plist,100644,346,9,2b3e1333eaa659509c691b6eded4f0755b2ec479664156b75448095c95d020d3,text,0.4-desktop-native-update,byte/line inventory+Rust/TypeScript compiler+Semgrep+targeted manual trust-boundary review+tests
packages/desktop/src-tauri/resources/host-runtime/README.md,100644,608,14,381f1909ae65dd56f764df80164859f78c6ca82c0eb03ea8af3da8be97ce5158,text,0.4-desktop-native-update,byte/line inventory+Rust/TypeScript compiler+Semgrep+targeted manual trust-boundary review+tests
packages/desktop/src-tauri/src/lib.rs,100644,53350,1419,89e6c50921e8fef42a47bc0852a8064d943b1e9eff9970f2a6d2a5a42a56bb54,text,0.4-desktop-native-update,byte/line inventory+Rust/TypeScript compiler+Semgrep+targeted manual trust-boundary review+tests
packages/desktop/src-tauri/src/main.rs,100644,116,6,adb42a4b4f468e5520c02298033db0f44c40caa3cb71c8482dca8d3ae55c086c,text,0.4-desktop-native-update,byte/line inventory+Rust/TypeScript compiler+Semgrep+targeted manual trust-boundary review+tests
packages/desktop/src-tauri/src/schema_versions.rs,100644,349,9,acbeafd719e3d83b404b84c12e510dbfd03008f371d2fee8819c0aef6a0dc89b,text,0.4-desktop-native-update,byte/line inventory+Rust/TypeScript compiler+Semgrep+targeted manual trust-boundary review+tests
packages/desktop/src-tauri/tauri.conf.json,100644,3111,102,54b9ac074b6af57ce41242f91cc307a60ecf414d306e4a515b24a5b2259ca07b,text,0.4-desktop-native-update,byte/line inventory+Rust/TypeScript compiler+Semgrep+targeted manual trust-boundary review+tests
packages/desktop/src/App.css,100644,60059,2282,37c11fd285b8a7099913050a4bbeafefa6fa44153afb41533dd6bb314ef7221c,text,0.4-desktop-renderer,byte/line inventory+TypeScript compiler+Semgrep+targeted manual IPC/XSS review+Vitest
packages/desktop/src/App.tsx,100644,40551,1051,bf71ad96421b66bb4529f977c12dacfa7baab92e15bad3b4403828e685daa918,text,0.4-desktop-renderer,byte/line inventory+TypeScript compiler+Semgrep+targeted manual IPC/XSS review+Vitest
packages/desktop/src/bridge/http-bridge.ts,100644,5373,157,f4ade08ae118b9a04d068f8ef592b97b6ddce4aeea71c44012fb409f0a9266c5,text,0.4-desktop-renderer,byte/line inventory+TypeScript compiler+Semgrep+targeted manual IPC/XSS review+Vitest
packages/desktop/src/bridge/index.ts,100644,1419,46,7bb5dd39c056aac9241bd25c45ddb4e4307b91f5a75f89faf2172b6c5ee80f6c,text,0.4-desktop-renderer,byte/line inventory+TypeScript compiler+Semgrep+targeted manual IPC/XSS review+Vitest
packages/desktop/src/bridge/resilient.ts,100644,2904,103,11fa1eabc11767d3f206b92751d82bb7a661581411fff51ec1c0c3266a7daa5d,text,0.4-desktop-renderer,byte/line inventory+TypeScript compiler+Semgrep+targeted manual IPC/XSS review+Vitest
packages/desktop/src/bridge/tauri-bridge.ts,100644,4315,134,525b9d273168808f0d1f5a5384bade3c4c67c75800669e17545d6df3dc4f50df,text,0.4-desktop-renderer,byte/line inventory+TypeScript compiler+Semgrep+targeted manual IPC/XSS review+Vitest
packages/desktop/src/bridge/types.ts,100644,2876,83,c508e212b7aa8fb371aab2c637136a000fa9be863bb660963f111a1f673158a8,text,0.4-desktop-renderer,byte/line inventory+TypeScript compiler+Semgrep+targeted manual IPC/XSS review+Vitest
packages/desktop/src/hooks/useConversationStream.ts,100644,9153,272,89af98a3ccf4119dd17356b272b9805a526d34eb112e3838549c770195a34dc5,text,0.4-desktop-renderer,byte/line inventory+TypeScript compiler+Semgrep+targeted manual IPC/XSS review+Vitest
packages/desktop/src/hooks/useHostConnection.ts,100644,2813,87,f665e9dafd5ded898ed3e30c5d20d6440528302ef6b7ffbbe028574ca1b06f0d,text,0.4-desktop-renderer,byte/line inventory+TypeScript compiler+Semgrep+targeted manual IPC/XSS review+Vitest
packages/desktop/src/hooks/useTaskStream.ts,100644,5064,153,85921bcd9fb972aa4ea55bcdff3bacd0dba82ac1f4d0487d548b319967ed88d2,text,0.4-desktop-renderer,byte/line inventory+TypeScript compiler+Semgrep+targeted manual IPC/XSS review+Vitest
packages/desktop/src/hooks/useWorkbenchData.ts,100644,7557,226,68b222a6df974a66ed3b93d7973e87040ef50b1c470a201977bf85606c90a6d0,text,0.4-desktop-renderer,byte/line inventory+TypeScript compiler+Semgrep+targeted manual IPC/XSS review+Vitest
packages/desktop/src/main.tsx,100644,215,10,baab30d3b2f0d1807e422150c42312ef474d13991e923b4715d264e0947d52eb,text,0.4-desktop-renderer,byte/line inventory+TypeScript compiler+Semgrep+targeted manual IPC/XSS review+Vitest
packages/desktop/src/state/conversation.ts,100644,11621,379,60cec046dd99dfda48002cef9dfe2af7b35f630d10dd03d9530f4b6fcb784f77,text,0.4-desktop-renderer,byte/line inventory+TypeScript compiler+Semgrep+targeted manual IPC/XSS review+Vitest
packages/desktop/src/state/format.ts,100644,2510,65,a39af3be38b56d028503dd75ae0c5924663bc63e20a78e9da6a0b16feb345550,text,0.4-desktop-renderer,byte/line inventory+TypeScript compiler+Semgrep+targeted manual IPC/XSS review+Vitest
packages/desktop/src/state/workbench.ts,100644,9770,307,3ac706763a3868313f16cea127670c3f51dc01a1336bbdb08c696dd3fca9e006,text,0.4-desktop-renderer,byte/line inventory+TypeScript compiler+Semgrep+targeted manual IPC/XSS review+Vitest
packages/desktop/src/ui/AppDialog.tsx,100644,6189,213,ac7287680a135b6ef6381c2540ba013bde980cb978d738cb1ea1e1a54b1ba689,text,0.4-desktop-renderer,byte/line inventory+TypeScript compiler+Semgrep+targeted manual IPC/XSS review+Vitest
packages/desktop/src/ui/ApprovalsPanel.tsx,100644,4995,134,1d8a0f0dd880bdea08e629b6c0caf8f0cee3cd3b953e47d41316ea15ac5132cf,text,0.4-desktop-renderer,byte/line inventory+TypeScript compiler+Semgrep+targeted manual IPC/XSS review+Vitest
packages/desktop/src/ui/ChatPanel.tsx,100644,59179,1624,8f7e7b24b3065cc34985d85ab33c6d8d9e4d431fbc0bdf192a09e167b9f62122,text,0.4-desktop-renderer,byte/line inventory+TypeScript compiler+Semgrep+targeted manual IPC/XSS review+Vitest
packages/desktop/src/ui/DoctorModal.tsx,100644,4090,134,f7bc58aaf790ef7b4682544fed6192edcf88710ec16f7a7f896c40385696a9e5,text,0.4-desktop-renderer,byte/line inventory+TypeScript compiler+Semgrep+targeted manual IPC/XSS review+Vitest
packages/desktop/src/ui/EvidenceRail.tsx,100644,12098,309,1572462e1178613b00dbce97e541b185d6677049c769a78b1a6e5b1afb0d065b,text,0.4-desktop-renderer,byte/line inventory+TypeScript compiler+Semgrep+targeted manual IPC/XSS review+Vitest
packages/desktop/src/ui/Icon.tsx,100644,3662,137,d260bc60a0ba230057965cee19d4defe279abd50d75ee63940bc336498fadf7c,text,0.4-desktop-renderer,byte/line inventory+TypeScript compiler+Semgrep+targeted manual IPC/XSS review+Vitest
packages/desktop/src/ui/MarkdownMessage.tsx,100644,2789,86,7ea72f6561fc6f3955b6780cbfe371b62cc82607f706e2c2bc262beb838d8ac1,text,0.4-desktop-renderer,byte/line inventory+TypeScript compiler+Semgrep+targeted manual IPC/XSS review+Vitest
packages/desktop/src/ui/panels.tsx,100644,57911,1327,2e59b1b0699147c4ce676b6f316ef5173e0ca7f1923b00fb3196223888d59284,text,0.4-desktop-renderer,byte/line inventory+TypeScript compiler+Semgrep+targeted manual IPC/XSS review+Vitest
packages/desktop/src/ui/RuntimeGate.tsx,100644,2767,72,1dfcd01488f3f2914870397a8964f056e97504b42bd130b16eced9c15e489c7e,text,0.4-desktop-renderer,byte/line inventory+TypeScript compiler+Semgrep+targeted manual IPC/XSS review+Vitest
packages/desktop/src/ui/Sidebar.tsx,100644,11194,273,5fd7ecc94f1bf433230c2ea530234b9629abd8e7170b0b3b73292e69085365aa,text,0.4-desktop-renderer,byte/line inventory+TypeScript compiler+Semgrep+targeted manual IPC/XSS review+Vitest
packages/desktop/src/ui/TaskPanel.tsx,100644,11592,315,4c7b5d759cdf96c72970aac132347d1acd83f3f8457396b0da85a7287c3101f7,text,0.4-desktop-renderer,byte/line inventory+TypeScript compiler+Semgrep+targeted manual IPC/XSS review+Vitest
packages/desktop/src/ui/WorkbenchRail.tsx,100644,4909,156,ba2af34264140373ce833dcb13fe65e93788f3abf1be29c586735b8c0d5d76e4,text,0.4-desktop-renderer,byte/line inventory+TypeScript compiler+Semgrep+targeted manual IPC/XSS review+Vitest
packages/desktop/src/wizard/catalog.ts,100644,1843,57,244e7f69daab529e743333c08386ead8fde7f1cc1ca4cea1ec17826173160655,text,0.4-desktop-renderer,byte/line inventory+TypeScript compiler+Semgrep+targeted manual IPC/XSS review+Vitest
packages/desktop/src/wizard/machine.ts,100644,18908,547,3776b311c698bf1b45c03254d23d7a257577eec3b3ac48f1c9630fe4902830d0,text,0.4-desktop-renderer,byte/line inventory+TypeScript compiler+Semgrep+targeted manual IPC/XSS review+Vitest
packages/desktop/src/wizard/SetupWizard.tsx,100644,41457,1080,cd41e48ab3354dc641888923ef37039a16320d1fc5b8102d5270c94d32bc2633,text,0.4-desktop-renderer,byte/line inventory+TypeScript compiler+Semgrep+targeted manual IPC/XSS review+Vitest
packages/desktop/test/bridge-integration.test.ts,100644,16138,436,a9295847b980726406c3f95fb8ea36351ac6a994bf5513968b0dc0a0d5531216,text,tests,line scan+syntax/compiler+executed test suite
packages/desktop/test/markdown-message.test.tsx,100644,936,29,4c182f36699694845d56ef33e0e37893b13ded733fc8ec787692a86b05937fb6,text,tests,line scan+syntax/compiler+executed test suite
packages/desktop/test/mcp-quarantine.test.ts,100644,1616,42,abfe7119c3d848bb191cf337a05f029e4c8e61d28eaf3c4d552917187d3edd46,text,tests,line scan+syntax/compiler+executed test suite
packages/desktop/test/release-chain.test.ts,100644,15051,400,f53bdc482a0b480e7265f93ea908d8f3a49a4c87ecd8fa728ae36ce71bf640e6,text,tests,line scan+syntax/compiler+executed test suite
packages/desktop/test/security-surface.test.ts,100644,3549,77,45271b030cef52fb3403d353aecbe88a45fd21cc09d3cf5d695043a44aab67c9,text,tests,line scan+syntax/compiler+executed test suite
packages/desktop/test/state.test.ts,100644,16138,469,e766a3541d6de249b6b41b33586dd78bfad180fd00793b088f6e89217cd5a6ae,text,tests,line scan+syntax/compiler+executed test suite
packages/desktop/test/updater-config.test.ts,100644,6020,134,3b775c5b7f78d96df3cb37855f130b58c46e5dd8dbf7ca9c0883f11e9365ae33,text,tests,line scan+syntax/compiler+executed test suite
packages/desktop/test/wizard-machine.test.ts,100644,18146,409,97f30dd647f5a6d5f3c23b7b03155f4d28310f1ebe39a4fd2db3fe8227c3abbc,text,tests,line scan+syntax/compiler+executed test suite
packages/desktop/test/workbench-surface.test.ts,100644,3593,94,c1982f5b49d399d294848928468133ba65fea64ebaed942101ee838abc1ad4ea,text,tests,line scan+syntax/compiler+executed test suite
packages/desktop/tsconfig.json,100644,473,20,2225c238994be6d481065aaaeb948d77fef4266d3b9930e42c326946a87dc648,text,docs-config,byte/line inventory+targeted claim/config consistency review
packages/desktop/updater/generate-latest-json.mjs,100644,8308,231,0ff5bd1aa8399e934da4de4187aeecff73b910122d016838ac645aee35878941,text,0.4-desktop-native-update,byte/line inventory+Rust/TypeScript compiler+Semgrep+targeted manual trust-boundary review+tests
packages/desktop/updater/generate-sbom.mjs,100644,4885,142,75239a2bfd70a98b93893749069dd57109ac56ac345553385fe6bab27aaf6463,text,0.4-desktop-native-update,byte/line inventory+Rust/TypeScript compiler+Semgrep+targeted manual trust-boundary review+tests
packages/desktop/updater/latest.json.template,100644,897,20,8b2ef909c071902b636885bd9b5a24320f5c8c2d534f135e638b4d2b68c23a47,text,0.4-desktop-native-update,byte/line inventory+Rust/TypeScript compiler+Semgrep+targeted manual trust-boundary review+tests
packages/desktop/updater/release-contract.json,100644,1345,53,002445304e8e398e8153ee07a02e8417d2e84f7ded32c683a6eda0478f004e1f,text,0.4-desktop-native-update,byte/line inventory+Rust/TypeScript compiler+Semgrep+targeted manual trust-boundary review+tests
packages/desktop/updater/release-contract.mjs,100644,9683,234,27445cade98ab4a8ee57199ddc2ade51bcbb0f2f61b1fd4415828095a4b09965,text,0.4-desktop-native-update,byte/line inventory+Rust/TypeScript compiler+Semgrep+targeted manual trust-boundary review+tests
packages/desktop/updater/update.rs,100644,11502,337,167f6957a43829ebbb8fb607cf90b184ce2a369a676cf1deb30cde9ac46a5cb8,text,0.4-desktop-native-update,byte/line inventory+Rust/TypeScript compiler+Semgrep+targeted manual trust-boundary review+tests
packages/desktop/updater/verify-release-assets.mjs,100644,7663,185,17c914d8be489ee6448854f7177a830c51b0bed85c54d470fd817c4717328dce,text,0.4-desktop-native-update,byte/line inventory+Rust/TypeScript compiler+Semgrep+targeted manual trust-boundary review+tests
packages/desktop/vite.config.ts,100644,2741,90,54aafbcf22912926d3b0987ac35d2469f37ac2ca89d2c1581e53ee30b833a308,text,legacy-or-support-source,byte/line inventory+syntax compiler+Semgrep/Bandit+targeted dangerous-API review+tests
packages/host/bin/penglai.mjs,100755,1029,36,73fc5a00c474797a6abc8fa857eab39a35106d8804b1416bc7ba6532f0bebd75,text,legacy-or-support-source,byte/line inventory+syntax compiler+Semgrep/Bandit+targeted dangerous-API review+tests
packages/host/bridge/browser_sidecar.py,100644,5234,173,bf000d8693144c7cda7d635be92cbe9b58a6fcefeb9032c4e9c61f377e03116a,text,legacy-or-support-source,byte/line inventory+syntax compiler+Semgrep/Bandit+targeted dangerous-API review+tests
packages/host/bridge/feishu_adapter.py,100644,17869,487,bd45e0584931d7335a87137ba9ab1f2bd297ab379cc67532f5f3d3bfb46e3b6a,text,legacy-or-support-source,byte/line inventory+syntax compiler+Semgrep/Bandit+targeted dangerous-API review+tests
packages/host/bridge/im_bridge.py,100644,9618,239,0c862773c6580e8f708171755f18dc0da28400af6f44c64fdbc7eba6468ccebf,text,legacy-or-support-source,byte/line inventory+syntax compiler+Semgrep/Bandit+targeted dangerous-API review+tests
packages/host/bridge/README.md,100644,3502,88,e1a5e19036a2acd8dbb1ab69cd4b99a7d7bdd0bb0d9806785a09691c89e4ce31,text,docs-config,byte/line inventory+targeted claim/config consistency review
packages/host/bridge/start_im.sh,100644,5622,149,e3b9089c213d41ed96bd425a5eff9e539878cbc6cb2f65c1d2900772bfafda6a,text,legacy-or-support-source,byte/line inventory+syntax compiler+Semgrep/Bandit+targeted dangerous-API review+tests
packages/host/bridge/wechat_adapter.py,100644,13872,379,c67388d1b0ac8e8587a262214e001fc3d8f5225fb39a8de5c97dc3083515ba16,text,legacy-or-support-source,byte/line inventory+syntax compiler+Semgrep/Bandit+targeted dangerous-API review+tests
packages/host/bridge/worldline_sidecar.py,100644,7756,234,11928a79e90f62c8e384324bca3487dd1b415242c1d82a22e2908db7f0f97df1,text,legacy-or-support-source,byte/line inventory+syntax compiler+Semgrep/Bandit+targeted dangerous-API review+tests
packages/host/migrate/migrate_03_to_04.py,100644,28151,736,bac8ba297027c84ba78538641cbb57665b01589251da58a60cd922be7c19d6e7,text,legacy-or-support-source,byte/line inventory+syntax compiler+Semgrep/Bandit+targeted dangerous-API review+tests
packages/host/migrate/README.md,100644,6089,129,96faa280482a509101e109f3021b0c6306a402cf938e336cff5501d2812e21cc,text,docs-config,byte/line inventory+targeted claim/config consistency review
packages/host/package.json,100644,1167,44,a52b62c65231416e97f0ae6cac761ab3cd98c55f5d4dc9cb818f3d3547bdc6b3,text,docs-config,byte/line inventory+targeted claim/config consistency review
packages/host/scripts/build-runtime.mjs,100644,24847,676,b52f11a7c71db84338ee406eab43b6e2bc70455c9ed62cdf61c3256c0f2b1e5c,text,legacy-or-support-source,byte/line inventory+syntax compiler+Semgrep/Bandit+targeted dangerous-API review+tests
packages/host/scripts/copy-static.mjs,100644,535,15,2a13aaa3dcf904df10be38202e8e13b14534e7d70448b0a2e0e4d74006778226,text,legacy-or-support-source,byte/line inventory+syntax compiler+Semgrep/Bandit+targeted dangerous-API review+tests
packages/host/scripts/install.ps1,100644,3865,101,2f31558d591970b0154a0f2099cb323d5c851199b820997acfffe62d381c3099,text,other,line scan+hash+repository consistency review
packages/host/scripts/install.sh,100644,3240,95,63b9ab61df2902560e5483762f65f83d9ef30de0e3e0d474c311d371a97bd9b3,text,legacy-or-support-source,byte/line inventory+syntax compiler+Semgrep/Bandit+targeted dangerous-API review+tests
packages/host/scripts/schema-versions.generated.json,100644,227,9,2781816a1aed5118753a3fb73b4244e501caeefbca07a5dd0d5c09de4f5e9b81,text,docs-config,byte/line inventory+targeted claim/config consistency review
packages/host/scripts/verify-runtime.mjs,100644,13869,378,fb6a95d6b24167a133cf55187b2abe038d0341c01f7cb32cf3fb6ae355964fed,text,legacy-or-support-source,byte/line inventory+syntax compiler+Semgrep/Bandit+targeted dangerous-API review+tests
packages/host/src/approvals.ts,100644,10970,329,e4a68469c6d5d676c162e93a953e18795d67ee0cd6408f0b5fd108cc0fd6be3f,text,0.4-host-production,byte/line inventory+TypeScript compiler+Semgrep+targeted manual trust-boundary review+Vitest
packages/host/src/artifact-preview.ts,100644,2968,81,81b1d3acd0426cf60ad9246e868b7114627cbbea70f5082b3b0402cb8516e517,text,0.4-host-production,byte/line inventory+TypeScript compiler+Semgrep+targeted manual trust-boundary review+Vitest
packages/host/src/bash-guard.ts,100644,16405,500,be84ba5bfe9388e10f8b032d698ad0edf0156fc88b6924377ee4b9798e1d7c02,text,0.4-host-production,byte/line inventory+TypeScript compiler+Semgrep+targeted manual trust-boundary review+Vitest
packages/host/src/budget.ts,100644,13809,367,7f94aba60719f9130e0a6eced146bf64ae046e4d298460a1d8afc97dd08fc7a9,text,0.4-host-production,byte/line inventory+TypeScript compiler+Semgrep+targeted manual trust-boundary review+Vitest
packages/host/src/capabilities/documents.ts,100644,28198,497,1ebcb08997eb9be681c74d245545df645606492fcfe32f611906b3923ce72b86,text,0.4-host-production,byte/line inventory+TypeScript compiler+Semgrep+targeted manual trust-boundary review+Vitest
packages/host/src/capabilities/network-safety.ts,100644,6312,169,ab4d8231c353597292118e7f1f3c19a1e2c31473b514902d9e777969817c11e6,text,0.4-host-production,byte/line inventory+TypeScript compiler+Semgrep+targeted manual trust-boundary review+Vitest
packages/host/src/capabilities/web.ts,100644,6212,168,5c8f905942e1dc7b8c7b53bfb7d3e914fa46d52e815544b1398ec992872bc82e,text,0.4-host-production,byte/line inventory+TypeScript compiler+Semgrep+targeted manual trust-boundary review+Vitest
packages/host/src/checkpoints.ts,100644,7248,210,602e64fff02bbce2896023bfb9809067c223d72df6217109eeff8f4d02fc735b,text,0.4-host-production,byte/line inventory+TypeScript compiler+Semgrep+targeted manual trust-boundary review+Vitest
packages/host/src/cli.ts,100644,1996,54,767c35558fcac60d4e204b33a1082a97219ff9249a450fdf363911e6d3c79923,text,0.4-host-production,byte/line inventory+TypeScript compiler+Semgrep+targeted manual trust-boundary review+Vitest
packages/host/src/cli/chat.ts,100644,30094,821,63b78697436be9a7f46afa7e800a62b0d4788fd4f0d350cde62f55878cfc7c2c,text,0.4-host-production,byte/line inventory+TypeScript compiler+Semgrep+targeted manual trust-boundary review+Vitest
packages/host/src/cli/client.ts,100644,7433,229,02fcabc81466ebfd5da69d69e615bba9ccfab296c1e30162f3411d7c0a09e981,text,0.4-host-production,byte/line inventory+TypeScript compiler+Semgrep+targeted manual trust-boundary review+Vitest
packages/host/src/cli/commands.ts,100644,48706,1246,7dbb36294d07bbfb6bd6d08a04f9522bc4dde73701ace009e9c1e4b7c23a5409,text,0.4-host-production,byte/line inventory+TypeScript compiler+Semgrep+targeted manual trust-boundary review+Vitest
packages/host/src/cli/format.ts,100644,4345,136,fcab19d7a8f718a7aba6ad5b73b3235cce00315876de04c2b1afb10cd5d9d23c,text,0.4-host-production,byte/line inventory+TypeScript compiler+Semgrep+targeted manual trust-boundary review+Vitest
packages/host/src/cli/identity-ceremony.ts,100644,4555,105,2897b6e4d82a15f2742f0f106b4c5df1e73ead2ec6cff74237822ab2a3b5f618,text,0.4-host-production,byte/line inventory+TypeScript compiler+Semgrep+targeted manual trust-boundary review+Vitest
packages/host/src/cli/main.ts,100644,12811,338,b58847cc5040cfc988a180489bc6d401cdbce5f772bf678049267623d66c5268,text,0.4-host-production,byte/line inventory+TypeScript compiler+Semgrep+targeted manual trust-boundary review+Vitest
packages/host/src/cli/migrate-cmd.ts,100644,5789,165,638f6f3d18b235ef5c1ba4cb83d660b4c4b9edd163152431825047d8749332cb,text,0.4-host-production,byte/line inventory+TypeScript compiler+Semgrep+targeted manual trust-boundary review+Vitest
packages/host/src/cli/pager.ts,100644,6060,148,2d036b71a1a60a5d510273ea3cc1e815298870538c2b2174a4f6935d78f2e0c6,text,0.4-host-production,byte/line inventory+TypeScript compiler+Semgrep+targeted manual trust-boundary review+Vitest
packages/host/src/cli/setup-wizard.ts,100644,29229,725,98f42314364d9a199d8f9eee491828bd1a92bfb6067607fc508a25b2ec6170ad,text,0.4-host-production,byte/line inventory+TypeScript compiler+Semgrep+targeted manual trust-boundary review+Vitest
packages/host/src/cli/voice.ts,100644,10754,285,f4321e986d308f91df5a068be436b5cee95b7d00f11e375bd64df205e8e27128,text,0.4-host-production,byte/line inventory+TypeScript compiler+Semgrep+targeted manual trust-boundary review+Vitest
packages/host/src/conversation-approvals.ts,100644,8201,256,297775142d22a6972c368124a8a108582cf3241e0fcd6e1d794c7f7117252c43,text,0.4-host-production,byte/line inventory+TypeScript compiler+Semgrep+targeted manual trust-boundary review+Vitest
packages/host/src/conversation-draft.ts,100644,2364,68,06261fe7259e6c4772093476a22787c4498dc56f5334ef9a063e4decea871626,text,0.4-host-production,byte/line inventory+TypeScript compiler+Semgrep+targeted manual trust-boundary review+Vitest
packages/host/src/conversation-executor.ts,100644,1772,52,dd5a0a19d123e55dfea73222e086776a215ccd4ce95129891e99404cd2b91c7e,text,0.4-host-production,byte/line inventory+TypeScript compiler+Semgrep+targeted manual trust-boundary review+Vitest
packages/host/src/conversation-store.ts,100644,7959,225,af574ac542d07ce9291af5891218b649d81cad9a99b0d7d3f3c9bad2a40852da,text,0.4-host-production,byte/line inventory+TypeScript compiler+Semgrep+targeted manual trust-boundary review+Vitest
packages/host/src/conversation-workbench.ts,100644,5396,161,5a00f86f2f911ddac99bbdbf6d9e378fd57b9bd9f9ba014e5a775ea10ddb65a3,text,0.4-host-production,byte/line inventory+TypeScript compiler+Semgrep+targeted manual trust-boundary review+Vitest
packages/host/src/data-dir.ts,100644,336,11,44a05ec2316fbf53204926aef3c4fbbedf4d69ff9687b2f54de68077ebba5ebf,text,0.4-host-production,byte/line inventory+TypeScript compiler+Semgrep+targeted manual trust-boundary review+Vitest
packages/host/src/diagnostics.ts,100644,5083,155,fdce4ad4ae0cac029661c2ebd4d252106a5007882e18066d8916046803b99ce7,text,0.4-host-production,byte/line inventory+TypeScript compiler+Semgrep+targeted manual trust-boundary review+Vitest
packages/host/src/distill/audit.ts,100644,13617,321,3bf77d3f7c9ab261419cf4491520c25a7149c6275a523a21f499f9b18cdbad66,text,0.4-host-production,byte/line inventory+TypeScript compiler+Semgrep+targeted manual trust-boundary review+Vitest
packages/host/src/distill/distill.ts,100644,16038,423,18d4e45ba3e35cf77fa24db2fce2ece1b01f3398a385f45fd8d3aa1f84588bad,text,0.4-host-production,byte/line inventory+TypeScript compiler+Semgrep+targeted manual trust-boundary review+Vitest
packages/host/src/distill/review.ts,100644,6868,167,07d22931fc755c8258f3a89de2ea218a5342d8c4dd5cae80b704ab68ac7f350d,text,0.4-host-production,byte/line inventory+TypeScript compiler+Semgrep+targeted manual trust-boundary review+Vitest
packages/host/src/doctor.ts,100644,10174,301,ce96737ea352c95b5bf0de43d4ad81f6f9b7f3b232e02e0be2be05a772d873db,text,0.4-host-production,byte/line inventory+TypeScript compiler+Semgrep+targeted manual trust-boundary review+Vitest
packages/host/src/episode-authority.ts,100644,3130,92,29734faf0781259b66c3c125586d3ba2e4ebdd3524d311f48ad81a33a6487015,text,0.4-host-production,byte/line inventory+TypeScript compiler+Semgrep+targeted manual trust-boundary review+Vitest
packages/host/src/feishu/api-client.ts,100644,6601,208,3b0b2e668a1daeb82a7b6fd06e8f4239f1f614b1c01a812c217b22d83331139b,text,0.4-host-production,byte/line inventory+TypeScript compiler+Semgrep+targeted manual trust-boundary review+Vitest
packages/host/src/feishu/channel.ts,100644,40516,957,f6967420310557d68b4e0e103749bc9879f7f20aaa6cefa3e764045b6fb75267,text,0.4-host-production,byte/line inventory+TypeScript compiler+Semgrep+targeted manual trust-boundary review+Vitest
packages/host/src/feishu/config.ts,100644,4143,125,07a3da1ac8f49035e9b6347053247df9dc0bc4422027963d68bc7a01e801a4d5,text,0.4-host-production,byte/line inventory+TypeScript compiler+Semgrep+targeted manual trust-boundary review+Vitest
packages/host/src/feishu/protocol.ts,100644,23042,643,089ff90b20c2b1fe9b71b158379ac497acb73f50e85e0fec2c34f707c117faf4,text,0.4-host-production,byte/line inventory+TypeScript compiler+Semgrep+targeted manual trust-boundary review+Vitest
packages/host/src/feishu/qr-create.ts,100644,4421,136,5a52f38523ece4dfc2cd2b60e3dc3a9c49eef2c31523df8be495fa225c86c987,text,0.4-host-production,byte/line inventory+TypeScript compiler+Semgrep+targeted manual trust-boundary review+Vitest
packages/host/src/feishu/ws-client.ts,100644,13041,355,bff4fd0d59f0f4d58cbcf1300fa7f8ac849407fa89fc8361ae0d573fd08f1674,text,0.4-host-production,byte/line inventory+TypeScript compiler+Semgrep+targeted manual trust-boundary review+Vitest
packages/host/src/files-complete.ts,100644,2381,77,609a516db0a743707726fa6ee3d374f28b746a4a1e6d2d39650e66f989687cf4,text,0.4-host-production,byte/line inventory+TypeScript compiler+Semgrep+targeted manual trust-boundary review+Vitest
packages/host/src/goal-service.ts,100644,11340,349,0025d3148d2658b64e4e5e36925e15d7d3af85e70935f5e7c953468949587346,text,0.4-host-production,byte/line inventory+TypeScript compiler+Semgrep+targeted manual trust-boundary review+Vitest
packages/host/src/image-sanitize.ts,100644,1981,56,a0e53833acfa24388a617b656078f6850c7813f6c1d62eb60b215438c9e2ae19,text,0.4-host-production,byte/line inventory+TypeScript compiler+Semgrep+targeted manual trust-boundary review+Vitest
packages/host/src/index.ts,100644,4556,146,ada789966d6291db77326ca5eabb8f387d9f6791655d814a713162ba7598d1b9,text,0.4-host-production,byte/line inventory+TypeScript compiler+Semgrep+targeted manual trust-boundary review+Vitest
packages/host/src/jail.ts,100644,4282,128,64351338658375852b46757abb5715bcd85d2bd7e4463ee3cc93d309ba7438d6,text,0.4-host-production,byte/line inventory+TypeScript compiler+Semgrep+targeted manual trust-boundary review+Vitest
packages/host/src/kernel/capability-tools.ts,100644,7436,170,cb915206f0536a56ee093d594174dc04887caaaaf89d9f4b4fa8acf0df1bee50,text,0.4-host-production,byte/line inventory+TypeScript compiler+Semgrep+targeted manual trust-boundary review+Vitest
packages/host/src/kernel/create-production-pi-kernel.ts,100644,33227,909,47aab65a89f6830dd90d6ac5cf680d114e4b2a7f10dbc4152a9f24b6262d0c28,text,0.4-host-production,byte/line inventory+TypeScript compiler+Semgrep+targeted manual trust-boundary review+Vitest
packages/host/src/kernel/episode-kernel.ts,100644,12330,337,9074dec5fe1e27bd1dd8002e52d016776d12954291dc23fb3fe89e23bd722fb8,text,0.4-host-production,byte/line inventory+TypeScript compiler+Semgrep+targeted manual trust-boundary review+Vitest
packages/host/src/kernel/kernel.ts,100644,4577,153,55be317af0c04702d0dd448a37378c89e028c3cce7943b04129c6ae520d4d440,text,0.4-host-production,byte/line inventory+TypeScript compiler+Semgrep+targeted manual trust-boundary review+Vitest
packages/host/src/kernel/pi-kernel.ts,100644,8386,288,be1798d486f09a0234dbfa8b655220305b27355712a2b08ad942024ac1ea4f38,text,0.4-host-production,byte/line inventory+TypeScript compiler+Semgrep+targeted manual trust-boundary review+Vitest
packages/host/src/mcp/client.ts,100644,26619,827,5c51c1f8c80a364620c6cc81a6b98751ecb66be2834e57e27b3e2a36a55478d9,text,0.4-host-production,byte/line inventory+TypeScript compiler+Semgrep+targeted manual trust-boundary review+Vitest
packages/host/src/mcp/config.ts,100644,6172,169,951608830f88007aa1f7fe869013981c46afdf7950e95c9bae2c477183550c3c,text,0.4-host-production,byte/line inventory+TypeScript compiler+Semgrep+targeted manual trust-boundary review+Vitest
packages/host/src/memory.ts,100644,45029,1209,29280da840c7ea259da02256283123e354bba8c369e94eb10a642495fca6e34f,text,0.4-host-production,byte/line inventory+TypeScript compiler+Semgrep+targeted manual trust-boundary review+Vitest
packages/host/src/migrate/apply.ts,100644,79045,2188,7bbf54dd220d8986bac9019f04489589560a596f81fa0fe6cadf45bd9170c01f,text,0.4-host-production,byte/line inventory+TypeScript compiler+Semgrep+targeted manual trust-boundary review+Vitest
packages/host/src/migrate/mykey-parser.ts,100644,9511,260,72bd3d9f48d0f4ba6fac918037421f78e2eac93da1c17d204661bddd9b6abb00,text,0.4-host-production,byte/line inventory+TypeScript compiler+Semgrep+targeted manual trust-boundary review+Vitest
packages/host/src/migrate/operation-lock.ts,100644,8574,256,c082d356f49e2ff0593367939663419af4d634c3d1362937aceb221d4dafd1f7,text,0.4-host-production,byte/line inventory+TypeScript compiler+Semgrep+targeted manual trust-boundary review+Vitest
packages/host/src/migrate/plan.ts,100644,27349,742,273e3e2fe29a067043b90ea93d0b0b5eacd2ad90f9f78b0a00c420b6d8afb728,text,0.4-host-production,byte/line inventory+TypeScript compiler+Semgrep+targeted manual trust-boundary review+Vitest
packages/host/src/mode-switch.ts,100644,23668,707,4e7adaddfc6244b565ff8d6a6b83f31ca1691610a79f0226fe86e94da9dfca05,text,0.4-host-production,byte/line inventory+TypeScript compiler+Semgrep+targeted manual trust-boundary review+Vitest
packages/host/src/model-smoke.ts,100644,4106,134,20838a0d7cb3e05cdfeacbdb7e8cc69af03e1d2e43a3a7dd5c2c63e4f53c83f2,text,0.4-host-production,byte/line inventory+TypeScript compiler+Semgrep+targeted manual trust-boundary review+Vitest
packages/host/src/onboarding/birth.ts,100644,3317,97,5c1f9d5068c288244e097a69090697814dd2c1ab275fa1b205cf5d61502c7cc0,text,0.4-host-production,byte/line inventory+TypeScript compiler+Semgrep+targeted manual trust-boundary review+Vitest
packages/host/src/onboarding/intro.ts,100644,1367,27,d602e5f810595a46882465c376e523af548e636bdbae94a49c66b29229a05f34,text,0.4-host-production,byte/line inventory+TypeScript compiler+Semgrep+targeted manual trust-boundary review+Vitest
packages/host/src/onboarding/seed-sops.ts,100644,5224,116,e5ae97720191ed3b6e53bd5e1eb50c6f8abdb424e1fb9b96c8136de1a6d70c22,text,0.4-host-production,byte/line inventory+TypeScript compiler+Semgrep+targeted manual trust-boundary review+Vitest
packages/host/src/output-clean.ts,100644,2629,73,4db4b9cbafa57842910073f5516bd8be8822120babc9d88b016847e335e189f8,text,0.4-host-production,byte/line inventory+TypeScript compiler+Semgrep+targeted manual trust-boundary review+Vitest
packages/host/src/policy.ts,100644,32202,838,0636fab3810d7360c65d48289c877587196c49bb279421c9ee77f0c5c724bd61,text,0.4-host-production,byte/line inventory+TypeScript compiler+Semgrep+targeted manual trust-boundary review+Vitest
packages/host/src/profiles-store.ts,100644,5062,145,e30eda1ea7a526da2db5f20006e31a8af822d7bda23a448fd04d0ddbe3224f74,text,0.4-host-production,byte/line inventory+TypeScript compiler+Semgrep+targeted manual trust-boundary review+Vitest
packages/host/src/providers/catalog.generated.ts,100644,37306,1235,2ec40212f8ee85614ea1e9459a23df0beb256c08a7e7eb007aa87c17553f7770,text,0.4-host-production,byte/line inventory+TypeScript compiler+Semgrep+targeted manual trust-boundary review+Vitest
packages/host/src/providers/catalog.ts,100644,9917,279,0dcd688c02d8e5d5798553e3cc005637939b177e1ac7d9962c22fd9ec3644881,text,0.4-host-production,byte/line inventory+TypeScript compiler+Semgrep+targeted manual trust-boundary review+Vitest
packages/host/src/providers/models.ts,100644,5183,146,8ead025368ddabbeb1ba13f70dca5cd60925305e62cbfdcba6424c822317eabd,text,0.4-host-production,byte/line inventory+TypeScript compiler+Semgrep+targeted manual trust-boundary review+Vitest
packages/host/src/providers/overlay-view.ts,100644,3226,83,72623f0738c5599489dbb811b0ce481b6c6cc7949236f829cf897e54220ae573,text,0.4-host-production,byte/line inventory+TypeScript compiler+Semgrep+targeted manual trust-boundary review+Vitest
packages/host/src/providers/overlay.ts,100644,3405,94,8ebd3d3f0cdad691c95fa6e34038807410caf223fc074ff529865311a8389fa5,text,0.4-host-production,byte/line inventory+TypeScript compiler+Semgrep+targeted manual trust-boundary review+Vitest
packages/host/src/providers/refresh.ts,100644,6569,197,accc664e875dea57b3ae0ce2e094527b945170cba054ee2f5d694f852959a657,text,0.4-host-production,byte/line inventory+TypeScript compiler+Semgrep+targeted manual trust-boundary review+Vitest
packages/host/src/providers/url-safety.ts,100644,949,22,31ba16442aa3c3da745729af145b8dad803f1e072bbc889559b22c38b4de5a64,text,0.4-host-production,byte/line inventory+TypeScript compiler+Semgrep+targeted manual trust-boundary review+Vitest
packages/host/src/resume.ts,100644,833,27,645a385d1fa4f1e717d40057c419769dc43a26b221c61d90c58de9f427e4651d,text,0.4-host-production,byte/line inventory+TypeScript compiler+Semgrep+targeted manual trust-boundary review+Vitest
packages/host/src/runtime/approval-gate.ts,100644,3938,112,0264106b8b1afb005b95a4b1e15fec1979f779d10b60df48ecb874b06d71d691,text,0.4-host-production,byte/line inventory+TypeScript compiler+Semgrep+targeted manual trust-boundary review+Vitest
packages/host/src/runtime/episode-runner.ts,100644,16951,438,ac1095cf51b880350482a032b8ae55cb64e7726dc2f25ae423df00dee33143c1,text,0.4-host-production,byte/line inventory+TypeScript compiler+Semgrep+targeted manual trust-boundary review+Vitest
packages/host/src/runtime/run-coordinator.ts,100644,6292,192,e307a8d530aeca322bd7162eba1dae0d3f8878160ef59ef199967186cd3d77d4,text,0.4-host-production,byte/line inventory+TypeScript compiler+Semgrep+targeted manual trust-boundary review+Vitest
packages/host/src/runtime/task-episode-kernel.ts,100644,5030,171,40f3a09bf7678aa34b60595bfd6053b61c4ecd97eda344732dd150924f832c46,text,0.4-host-production,byte/line inventory+TypeScript compiler+Semgrep+targeted manual trust-boundary review+Vitest
packages/host/src/sandbox/shell-env.ts,100644,12176,334,43b4011aa6f230742ee4feb8c79f3138bbc42a1bd1afb5b7596db7f38f9df706,text,0.4-host-production,byte/line inventory+TypeScript compiler+Semgrep+targeted manual trust-boundary review+Vitest
packages/host/src/security/private-file.ts,100644,5577,163,175a217daa5e7fb328d0d1846589afb4592ba6d2f36477a125ae21080eb8a723,text,0.4-host-production,byte/line inventory+TypeScript compiler+Semgrep+targeted manual trust-boundary review+Vitest
packages/host/src/security/redaction.ts,100644,4313,113,d9fc3e601cb727fee69faa372aae0e95544358b9863163d52a288c93a8b57e3e,text,0.4-host-production,byte/line inventory+TypeScript compiler+Semgrep+targeted manual trust-boundary review+Vitest
packages/host/src/security/untrusted-content.ts,100644,1252,25,3b2142f4e2c04c44241d254dd11c15d28cc6049dab4098e90d288e0704ddee84,text,0.4-host-production,byte/line inventory+TypeScript compiler+Semgrep+targeted manual trust-boundary review+Vitest
packages/host/src/server.ts,100644,165544,4376,90d4fc0403c3c5859f86b61c6a0d2419a524743996d94faebfb6c6b307e95929,text,0.4-host-production,byte/line inventory+TypeScript compiler+Semgrep+targeted manual trust-boundary review+Vitest
packages/host/src/services.ts,100644,21028,580,49de8bbae96dd6c9a34455ef50f4c63928e9b67b01cec0835780f900bab077e8,text,0.4-host-production,byte/line inventory+TypeScript compiler+Semgrep+targeted manual trust-boundary review+Vitest
packages/host/src/skills/store.ts,100644,15252,359,e52cf475df285c0b9894ffe7e776312800a3d1bfa3dbb2539c757736435fff86,text,0.4-host-production,byte/line inventory+TypeScript compiler+Semgrep+targeted manual trust-boundary review+Vitest
packages/host/src/storage/product-store.ts,100644,71826,2066,4cb7db6294877acbb0151d8ddf01163c1f9beb5eb84b6cc6de7e1457080e4b60,text,0.4-host-production,byte/line inventory+TypeScript compiler+Semgrep+targeted manual trust-boundary review+Vitest
packages/host/src/task-runner.ts,100644,38446,1075,03c9dd3854eb3f250488316c5f82a86ffb57bd6c9129bd7134dc018387f2737c,text,0.4-host-production,byte/line inventory+TypeScript compiler+Semgrep+targeted manual trust-boundary review+Vitest
packages/host/src/token-file.ts,100644,3719,101,30a0133bab6776e0c4b8c6bd6ddf124dc364814b9931442d729cd0ee6a2dc32e,text,0.4-host-production,byte/line inventory+TypeScript compiler+Semgrep+targeted manual trust-boundary review+Vitest
packages/host/src/tool-evidence.ts,100644,9114,246,839711f620c75eb558cfe8e65e364be220b93a237082c7b41df9574eddd9e91f,text,0.4-host-production,byte/line inventory+TypeScript compiler+Semgrep+targeted manual trust-boundary review+Vitest
packages/host/src/usage-stats.ts,100644,5820,190,bf094937092ac61dacb2a1febcb59f82c79f68b718965905b7d66d7bce3217a8,text,0.4-host-production,byte/line inventory+TypeScript compiler+Semgrep+targeted manual trust-boundary review+Vitest
packages/host/src/usage.ts,100644,548,15,3b0581002392d7b3560185b8a46f50f38c91ce723ca8dcb8e88a8605e7245314,text,0.4-host-production,byte/line inventory+TypeScript compiler+Semgrep+targeted manual trust-boundary review+Vitest
packages/host/src/voice/assets.ts,100644,14582,338,17d25344e036a2fc51e1b76c0f8c645799129f2fc3f536023ae91c55c26d0e79,text,0.4-host-production,byte/line inventory+TypeScript compiler+Semgrep+targeted manual trust-boundary review+Vitest
packages/host/src/voice/engine.ts,100644,7999,245,961950bc375f1170d4c208cea9a48d42f8b76558c12101aaa05be245da1b6a90,text,0.4-host-production,byte/line inventory+TypeScript compiler+Semgrep+targeted manual trust-boundary review+Vitest
packages/host/src/voice/moss-runtime.ts,100644,4559,131,ea02cb570ab4c660c088d7d4783c8a95fc5309970c680c498f84e7b77fd5d6ca,text,0.4-host-production,byte/line inventory+TypeScript compiler+Semgrep+targeted manual trust-boundary review+Vitest
packages/host/src/voice/service.ts,100644,15845,416,38ede6aa775f4924863c060b38b2ec6e36f5f9fc066889ab8e78481e4710a788,text,0.4-host-production,byte/line inventory+TypeScript compiler+Semgrep+targeted manual trust-boundary review+Vitest
packages/host/src/voice/third_party/moss_tts/LICENSE,100644,11374,201,1dc6904a1959e039b44569c6a726a611f75287051284de1b6cc0dc7712b14d11,text,0.4-host-production,byte/line inventory+TypeScript compiler+Semgrep+targeted manual trust-boundary review+Vitest
packages/host/src/voice/third_party/moss_tts/runtime.d.mts,100644,1522,51,02af9193f7b57bfa09adb3d052eb318b670ad030e014e03959dc930b3fbad204,text,0.4-host-production,byte/line inventory+TypeScript compiler+Semgrep+targeted manual trust-boundary review+Vitest
packages/host/src/voice/third_party/moss_tts/runtime.mjs,100644,98137,2358,de66e96fbe558b4b3d80773e376a82ace24d12924cf7da4d7c0fe0d5e8ddc7d6,text,0.4-host-production,byte/line inventory+TypeScript compiler+Semgrep+targeted manual trust-boundary review+Vitest
packages/host/src/wechat/bridge.ts,100644,10405,312,013d1746a1dc379145a920d907aeaa74ce6a476f6f8a65c90a855b9c92407849,text,0.4-host-production,byte/line inventory+TypeScript compiler+Semgrep+targeted manual trust-boundary review+Vitest
packages/host/src/wechat/ilink.ts,100644,7657,222,d2eb01c98266e894bbe09319f784bfb0ce494f6ddffb569717b2d443a5b790e6,text,0.4-host-production,byte/line inventory+TypeScript compiler+Semgrep+targeted manual trust-boundary review+Vitest
packages/host/src/wechat/runtime.ts,100644,4507,146,56647c7166ad8011f4398adbf1ae8cfbdf2edfd5edbe6a7f9957e10e9a5c579d,text,0.4-host-production,byte/line inventory+TypeScript compiler+Semgrep+targeted manual trust-boundary review+Vitest
packages/host/static/app.js,100644,36569,1049,08d30315ce9dd046fe4b4e87921a04cb8a04a7d546d15ca3ee66ae50f3453ee2,text,legacy-or-support-source,byte/line inventory+syntax compiler+Semgrep/Bandit+targeted dangerous-API review+tests
packages/host/static/index.html,100644,6365,155,b36dcb42b21adec1e27342b35fc2b246bf252935cfa7d7ed98fdb022f92c1558,text,legacy-or-support-source,byte/line inventory+syntax compiler+Semgrep/Bandit+targeted dangerous-API review+tests
packages/host/static/style.css,100644,18036,540,0f0fc9172e902bbbed85bdb2056366c2c2ab5b43a6873c80e8c27d84eca6c37c,text,legacy-or-support-source,byte/line inventory+syntax compiler+Semgrep/Bandit+targeted dangerous-API review+tests
packages/host/test/agent-rpc.test.ts,100644,10169,289,4e40f9054ba6657f67e95ff783f007c4f14b946602d16c2c1ee9a80ebf1310e1,text,tests,line scan+syntax/compiler+executed test suite
packages/host/test/approvals.test.ts,100644,10141,234,8f6370a8078024018873421f08ed095c3a4cabfd979c1699fc83fefef785cb40,text,tests,line scan+syntax/compiler+executed test suite
packages/host/test/artifact-preview.test.ts,100644,1846,41,c3fa40a5eb95d149be2336dfbccc04a0abefcd7c57977736ada616d51de3265c,text,tests,line scan+syntax/compiler+executed test suite
packages/host/test/audit.test.ts,100644,6682,147,a508b5eb72fa411c10f47b43a097d52eeacec7a05ff488d359201e96b40db05e,text,tests,line scan+syntax/compiler+executed test suite
packages/host/test/authority-revocation.test.ts,100644,8366,267,dc3ebd6ed3419a50b7291380932127f09ad220bb2d87872f232b550be03edcf4,text,tests,line scan+syntax/compiler+executed test suite
packages/host/test/bash-guard.test.ts,100644,6793,213,61eb51cf7cdec67b188d1e8c61fb07522972a6532a81461881a34a34c018407e,text,tests,line scan+syntax/compiler+executed test suite
packages/host/test/basic-capabilities.test.ts,100644,10065,170,647c800b10eb60df4339ae0a3eb1a1a0f4728e8b136699626b19fe3cc0ef66d4,text,tests,line scan+syntax/compiler+executed test suite
packages/host/test/budget.test.ts,100644,14582,379,4d178a0b7752aae95be9c92514a091690a7c1904244c1f828a5fdf450cf22b4b,text,tests,line scan+syntax/compiler+executed test suite
packages/host/test/catalog-overlay.test.ts,100644,15706,385,76d810a8ea8e3e74d6a516a3e26b5d988e9848c69032b44f9bd2f3a50531f4ae,text,tests,line scan+syntax/compiler+executed test suite
packages/host/test/catalog.test.ts,100644,12565,268,fe9bcfb96db554f53263b8801091465d6ad79140e8cc41e78319d531745faafe,text,tests,line scan+syntax/compiler+executed test suite
packages/host/test/channel-store.test.ts,100644,5287,115,fe466e1f131cc26cfd00474841d4f552061263bea9da790cca50311260941034,text,tests,line scan+syntax/compiler+executed test suite
packages/host/test/checkpoints.test.ts,100644,9036,255,68a7cf7b54b248f896fc52a72def1902f3cfd0a8229069a7f9020cac818a8180,text,tests,line scan+syntax/compiler+executed test suite
packages/host/test/cli.test.ts,100644,29603,778,196ca6204c37e9205e33c1c5a067322e4b6a90565b924dd3c8af376a0dd71c63,text,tests,line scan+syntax/compiler+executed test suite
packages/host/test/conversation-approvals.test.ts,100644,1754,48,fe8e8e83c4bccb8daa325353b69e1c9e41dbc75d91533ccd2df6e1975965f91a,text,tests,line scan+syntax/compiler+executed test suite
packages/host/test/conversation-draft.test.ts,100644,3149,83,e55becd15bdf1e4c2741bd7bfaf1becdab589091b74b2820cbd6b5eba21ff77e,text,tests,line scan+syntax/compiler+executed test suite
packages/host/test/conversation-index.test.ts,100644,1881,67,9ccef5b39426bf19c5eef367a7199cc438cbe1c341556261db0a470df5e339f8,text,tests,line scan+syntax/compiler+executed test suite
packages/host/test/conversation-workbench.test.ts,100644,2275,74,39f7a16c01621b6cc40083fc32af34a83b109a0804ad1cb37c6047ad5aa59200,text,tests,line scan+syntax/compiler+executed test suite
packages/host/test/crash-recovery.test.ts,100644,3535,115,3d65da547e499005907915bdead60d29ebbc09410566a4c2ced47827352413a8,text,tests,line scan+syntax/compiler+executed test suite
packages/host/test/data-dir.test.ts,100644,903,27,b53524574e96fc70734f4ac54da66422dfd47d15e5c7e2d14cc56c407d408a8a,text,tests,line scan+syntax/compiler+executed test suite
packages/host/test/diagnostics.test.ts,100644,3289,73,0d99a7121ff846455297c90855e96e2b7a968fc5dfb55a5128d55e0e3fcdc5ac,text,tests,line scan+syntax/compiler+executed test suite
packages/host/test/distill.test.ts,100644,16038,376,583ba51a27f940d99d8001c7f256c7ee2bdbe6f574dd0e4c9942a21b82edb828,text,tests,line scan+syntax/compiler+executed test suite
packages/host/test/doctor.test.ts,100644,2302,73,e28200c884527e552311db41686086c3f077a36b8f64a5ab4e61507481b263da,text,tests,line scan+syntax/compiler+executed test suite
packages/host/test/eval/replays.test.ts,100644,43785,966,0c92024abf7a73d9e91d6aed4b8929b1e91fc2c4588cd26059665d6bfd1d4d04,text,tests,line scan+syntax/compiler+executed test suite
packages/host/test/eval/world.ts,100644,8815,249,a39343e1242b52ff405caf4184034b13ffddc544f582e08da98404dda509fe7b,text,tests,line scan+syntax/compiler+executed test suite
packages/host/test/feishu-channel.test.ts,100644,31533,764,6c7d67a2a5f255d0a98de03ffbc2025e6f06f588cddde577c1bfb79be52df883,text,tests,line scan+syntax/compiler+executed test suite
packages/host/test/feishu-protocol.test.ts,100644,12174,337,9034971d48e5b4897a4ae6f3a835f7e375e903dbef3ff3d80f3b1796b0f71e7e,text,tests,line scan+syntax/compiler+executed test suite
packages/host/test/feishu-ws.test.ts,100644,9293,230,ea0771420687132d8b5bf1d650bc02535a95ea55d96ee6ad8447dda0c6ef0c37,text,tests,line scan+syntax/compiler+executed test suite
packages/host/test/feishu/mock-server.ts,100644,10877,312,096526c813e265395f4523245d870d702add0c0f7269834a831b7f35ae89f84c,text,tests,line scan+syntax/compiler+executed test suite
packages/host/test/files-complete.test.ts,100644,1194,25,f4a896098de4a7b0e36d40b3c3299f3f917b9ff925baf19817f3ceb6a9c171c8,text,tests,line scan+syntax/compiler+executed test suite
packages/host/test/fixtures/03home/memory/global_mem_insight.txt,100644,379,6,913a30e7d96075d40acab9c7d3fb49d1d46d13c0b378fcc80ab8d52d3f361030,text,tests,line scan+syntax/compiler+executed test suite
packages/host/test/fixtures/03home/memory/global_mem.txt,100644,294,12,26d89beaad05c63df30c2c0226176fe3bea3458098e62bcdf0bbb124fa892941,text,tests,line scan+syntax/compiler+executed test suite
packages/host/test/fixtures/03home/memory/keychain.py,100644,107,4,6ba728d62979b92ff3de74637e6ef18eebb9561893054dfb96613a33c94c3081,text,tests,line scan+syntax/compiler+executed test suite
packages/host/test/fixtures/03home/memory/L4_raw_sessions/session_fixture.jsonl,100644,82,2,20380685537ceb2b1de7637f7e725cb35fb7f4510143f81166fc622b149ecf09,text,tests,line scan+syntax/compiler+executed test suite
packages/host/test/fixtures/03home/memory/penglai_compress_sop.md,100644,1522,21,a640ee2514fbb89ec57372a3c0d5f5ed0cc0fb89213ec7137e1cb654aaae897a,text,tests,line scan+syntax/compiler+executed test suite
packages/host/test/fixtures/03home/memory/verify_sop.md,100644,2420,65,63b78abf0ffe0b31ad26c0c6856ec86b1a44bd876e4ae7ac94cd1305d79e0abe,text,tests,line scan+syntax/compiler+executed test suite
packages/host/test/fixtures/03home/mykey_template_full.py,100644,32831,427,3e796c48cd8e066ef8a80e84ae631fda7e5043bb13034ac3a38630e934372411,text,tests,line scan+syntax/compiler+executed test suite
packages/host/test/fixtures/03home/mykey.py,100644,3313,71,e55a4af2b8ef4c2d9193463ff63716102b826a7d7e00592144b6d96c9707f285,text,tests,line scan+syntax/compiler+executed test suite
packages/host/test/fixtures/mock-model-server.ts,100644,12617,345,fd4a839500e218501df6c011afb82961f37daa5e60a63a9161a5a72ffa7e6026,text,tests,line scan+syntax/compiler+executed test suite
packages/host/test/goal-service.test.ts,100644,4587,138,397c18c7f4d066e57855ace8ea67c97694cf2bfab0022b6cab7097ec78a39c08,text,tests,line scan+syntax/compiler+executed test suite
packages/host/test/identity-ceremony.test.ts,100644,9753,243,0eddd025a583fa16a5296d2024e19ee89d2565fcfc1fa18b88f76e3ac0f8b6af,text,tests,line scan+syntax/compiler+executed test suite
packages/host/test/image-sanitize.test.ts,100644,2558,81,81ee532ee89c283d489daf70cf1e863a7d110ad19dd1e989a18d1c0d03bc3c2e,text,tests,line scan+syntax/compiler+executed test suite
packages/host/test/install-cutover.test.ts,100644,2343,54,440f1ad6f7823d3b75d39c4d3936914d1edaf654e396a12489f025b6e5545e71,text,tests,line scan+syntax/compiler+executed test suite
packages/host/test/jail.test.ts,100644,3236,93,cb80bc8a4267dd32da3d22d646595bca0f111f436f19cc6ebffbfa941cbdcf03,text,tests,line scan+syntax/compiler+executed test suite
packages/host/test/mcp-client.test.ts,100644,6501,185,ccbf0aa38ba256572a65808d55ada9700435298bcaa11888420f95b188458f8a,text,tests,line scan+syntax/compiler+executed test suite
packages/host/test/memory.test.ts,100644,17016,445,c9f809f60adba830554f3554ccaa1cd5555d8c191e87285c8fe6f6874878ca25,text,tests,line scan+syntax/compiler+executed test suite
packages/host/test/migrate.test.ts,100644,36903,873,6bcc42e1aaeb67bc30b8de8ad04e16a32a1aaa590c09461315ccab40f94cc73e,text,tests,line scan+syntax/compiler+executed test suite
packages/host/test/mode-assembly.test.ts,100644,9319,284,5c8a331d1de0287a09087a7735f775490416d70b4e307974a848e432bfe20c6c,text,tests,line scan+syntax/compiler+executed test suite
packages/host/test/mode-switch.test.ts,100644,20054,579,0ee8131f10d9c386087a2987873d9068e88cd9b7b3afe7fe9c5b6847806d77b4,text,tests,line scan+syntax/compiler+executed test suite
packages/host/test/mykey-parser.test.ts,100644,4359,119,54f348a34d0864992d30983c442dee9c10055306038ccef5c1a136865e08495f,text,tests,line scan+syntax/compiler+executed test suite
packages/host/test/onboarding-birth.test.ts,100644,7401,167,081322fbf3684b1b32ca4e117e9c10417b8b3986ffc68235c8f6067484db393e,text,tests,line scan+syntax/compiler+executed test suite
packages/host/test/output-clean.test.ts,100644,727,18,d1e507a2e7456c4aa85fb58dcd5f28a7ec825c05acf9afee7b94c551914ea8fa,text,tests,line scan+syntax/compiler+executed test suite
packages/host/test/pi-kernel.test.ts,100644,8555,263,d6f99062a60ffa95a9b3b6a696dd8fd3ef6964926dcd4a6ca5a7cb15e525019a,text,tests,line scan+syntax/compiler+executed test suite
packages/host/test/policy.test.ts,100644,25882,727,0693c4337cc9d818c234e075782fd12a7b4acd362451bc7430a61191571e19a2,text,tests,line scan+syntax/compiler+executed test suite
packages/host/test/product-store.test.ts,100644,14142,362,c13939ce0190d59787fb8c26791b15d71a8f56af3697382b22505d623f2aa690,text,tests,line scan+syntax/compiler+executed test suite
packages/host/test/profiles.test.ts,100644,10163,305,4c23fe34fe8a9d933a8ded156073232c82f7c24287b09f3c9129027685ee86e6,text,tests,line scan+syntax/compiler+executed test suite
packages/host/test/provider-models.test.ts,100644,6252,145,eb48f81f2fa1fb60c6cc1b1b7cac47a8ee413e7f7c86fd8d740d2a1a17aaddab,text,tests,line scan+syntax/compiler+executed test suite
packages/host/test/runtime-integrity.test.ts,100644,6355,180,1d2143e052bfd0c1506e9f78454b8e69df0e719b347050fc3c4a0d477a9d4a26,text,tests,line scan+syntax/compiler+executed test suite
packages/host/test/runtime/episode-runner.test.ts,100644,7213,185,520ce3e6837882f17880f269bf23390a160de923dadacb71de1d3208582de3fe,text,tests,line scan+syntax/compiler+executed test suite
packages/host/test/runtime/episode-runtime.integration.test.ts,100644,6140,191,dc7f269d1d915bddd00ca023a0796056069846c3a48ea5c0f67497c9eea53ea6,text,tests,line scan+syntax/compiler+executed test suite
packages/host/test/runtime/run-coordinator.test.ts,100644,5380,166,3b469ebadd6aa11f0a253bb244951a4b7742502350fa6fed42d55f956f4a5c73,text,tests,line scan+syntax/compiler+executed test suite
packages/host/test/security/redteam.test.ts,100644,10295,244,03685097476e6ba8e912fcad92057135d8580a63558f61166d5befab85e16f89,text,tests,line scan+syntax/compiler+executed test suite
packages/host/test/server.test.ts,100644,31792,864,62365d849a80ee420030f3f05a3294cc2fdfa655d1974e5ad3206a4d67f22caa,text,tests,line scan+syntax/compiler+executed test suite
packages/host/test/services-complete.test.ts,100644,10555,302,8f3d79eb1cccc04ac85d329144158184913c8ccf8604f7b61b4a1fe1d6d1bfca,text,tests,line scan+syntax/compiler+executed test suite
packages/host/test/services.test.ts,100644,5941,190,ca81547886f8ff34a3bb68518feb1d8df925c406adee14d09ef4b3f3a69e93d9,text,tests,line scan+syntax/compiler+executed test suite
packages/host/test/setup-wizard.test.ts,100644,28410,747,fe5bc01a152746946ca78bfad297529b8bfeba3c850a58fc883362f26ac3b782,text,tests,line scan+syntax/compiler+executed test suite
packages/host/test/skill-store.test.ts,100644,3502,85,ebfa40d251bb7423ebf47dcd8d519201a4e03d7e90217da476015ab19dec7f0a,text,tests,line scan+syntax/compiler+executed test suite
packages/host/test/task-runner.test.ts,100644,21365,646,6518d337ca7e678c429d338680836c15afd9cc23b4a803c5f2e9475c1cddd34d,text,tests,line scan+syntax/compiler+executed test suite
packages/host/test/token-file.test.ts,100644,2289,68,27dd9a1d676f55dab35cf778b91f6a1fa0204c3fd53f7216d920c86f2b562408,text,tests,line scan+syntax/compiler+executed test suite
packages/host/test/tool-evidence.test.ts,100644,12704,383,b5ecf71ff0f51e7b8135812ca7746d1ffbc334cb00a7840b77aa4229b44bdabb,text,tests,line scan+syntax/compiler+executed test suite
packages/host/test/untrusted-content.test.ts,100644,1170,29,b4e0185088c1541ad1d4636315f1e007deb740da7d7921358440ce0b54c7f526,text,tests,line scan+syntax/compiler+executed test suite
packages/host/test/url-safety.test.ts,100644,982,29,2438577cca5a3da193a36d1824b341bdcf491aaeeab62cc406faf49d9e02991c,text,tests,line scan+syntax/compiler+executed test suite
packages/host/test/usage-stats.test.ts,100644,1516,47,10c10a6e453a0716d01ae9750ba85b35ede8ad7580fb794312ce350d17bdc63f,text,tests,line scan+syntax/compiler+executed test suite
packages/host/test/usage.test.ts,100644,8985,277,81a8036e2988e3e6147b7aa88f5812a0afc0efa9678e8ba2965dc80de1a05286,text,tests,line scan+syntax/compiler+executed test suite
packages/host/test/voice.test.ts,100644,30420,723,d63f1e7e68036ad01d29a90bed87a943ee34c074b1dd8a9af293dfe8b96dcf50,text,tests,line scan+syntax/compiler+executed test suite
packages/host/tsconfig.json,100644,140,9,d56002ba285195e85ecb491b62915e017fbbfdf51d792ebc8be4c9669b4fa3cf,text,docs-config,byte/line inventory+targeted claim/config consistency review
packages/protocol/package.json,100644,225,13,d827e9c3050639a5f91828c269739224b44a3c88bae8b274ac61a56720aad372,text,0.4-protocol,line scan+TypeScript compiler+contract tests
packages/protocol/src/index.ts,100644,23110,784,23adfbe6363dfaf2295d9316f17595e975f24ec67a14ee3610db15dbc207fce0,text,0.4-protocol,line scan+TypeScript compiler+contract tests
packages/protocol/tsconfig.json,100644,136,9,61f558ec1861ca78523107c5e56e827fcaad6e65f5c35c080d42053178e5cad3,text,0.4-protocol,line scan+TypeScript compiler+contract tests
packaging/build_desktop_runtime.py,100644,19167,555,84e9c7b980a87ef26bdca9b0452b59bf0cda26f3e541ee997e4a568e535a6a7a,text,legacy-or-support-source,byte/line inventory+syntax compiler+Semgrep/Bandit+targeted dangerous-API review+tests
packaging/penglai-release-signing-key.asc,100644,1688,30,ed993e8e2f19e094c9fce1ff4989c926a4c00e6543ae509f366c4c386e7fd81a,text,other,line scan+hash+repository consistency review
packaging/verify_desktop_runtime.py,100644,9618,233,8b3fdf350ed432b743d1b2f5ec35f1e589c8fef3a6e8881f476eda5fd007617a,text,legacy-or-support-source,byte/line inventory+syntax compiler+Semgrep/Bandit+targeted dangerous-API review+tests
penglai,100755,93869,1983,b3c828b256090892d7a6751dce436524ed4fd8ef08325af868245471237f50b5,text,other,line scan+hash+repository consistency review
penglai_abilities.py,100644,37046,837,d6dfff8d7e9872f433fba96e48e83428e78343ea2c976f2b6e0f0f6792c462fd,text,legacy-or-support-source,byte/line inventory+syntax compiler+Semgrep/Bandit+targeted dangerous-API review+tests
penglai_channels.py,100644,29530,636,11425af29eeacc223475564b3b45f78d9e3e8da7190edf631e38bf1d4d527823,text,legacy-or-support-source,byte/line inventory+syntax compiler+Semgrep/Bandit+targeted dangerous-API review+tests
penglai_feishu_app.py,100644,79846,2025,3368050f4a97df8226f20bec5b4ea180da8f356372789307075c727331d8a2e3,text,legacy-or-support-source,byte/line inventory+syntax compiler+Semgrep/Bandit+targeted dangerous-API review+tests
penglai_feishu_ask.py,100644,2370,66,1c1ecc72ca4a76ec1357d0ac28afa1cdb50e528bebd542f10026dc2655be3538,text,legacy-or-support-source,byte/line inventory+syntax compiler+Semgrep/Bandit+targeted dangerous-API review+tests
penglai_i18n.py,100644,18493,218,5df6aea214e5db42964ec47b5ee60a2d73d355ba233abf0fe6b253f52d31d719,text,legacy-or-support-source,byte/line inventory+syntax compiler+Semgrep/Bandit+targeted dangerous-API review+tests
penglai_im_launch.py,100644,35943,807,a27dd57e14beab4344dd048fe2258fd59681d32a3cd6146c281df343ef34be07,text,legacy-or-support-source,byte/line inventory+syntax compiler+Semgrep/Bandit+targeted dangerous-API review+tests
penglai_migrate.py,100644,29061,688,fbab18d9e11942279ac6a6873b8971936b03ba8f5a6462a0368bc1cd34796233,text,legacy-or-support-source,byte/line inventory+syntax compiler+Semgrep/Bandit+targeted dangerous-API review+tests
penglai_providers.yaml,100644,26507,696,460ee769acf19d848a29caf144ed72db21d358b6de9daf85be668852323245b6,text,docs-config,byte/line inventory+targeted claim/config consistency review
penglai_qr.py,100644,2493,81,f92bf9a007eff614a7b78e88fb8b918551655fde78c7769f7fa95d6055a97ed5,text,legacy-or-support-source,byte/line inventory+syntax compiler+Semgrep/Bandit+targeted dangerous-API review+tests
penglai_runtime/__init__.py,100644,948,34,45d306a1c5bb2361d9b1a6cb64b2aad0126cc991ba12a1ee17da554069b0c3cb,text,legacy-or-support-source,byte/line inventory+syntax compiler+Semgrep/Bandit+targeted dangerous-API review+tests
penglai_runtime/capabilities.py,100644,13283,375,d001f6bc89bdde6c02b66a5b2e874947dc0e43c5c6663af14c14d3bfc52b16a1,text,legacy-or-support-source,byte/line inventory+syntax compiler+Semgrep/Bandit+targeted dangerous-API review+tests
penglai_runtime/care_opportunities.py,100644,3526,95,7a547fcf8dd1dbf3ee11dc46074b5408d78abc23987cea927989447934960ee5,text,legacy-or-support-source,byte/line inventory+syntax compiler+Semgrep/Bandit+targeted dangerous-API review+tests
penglai_runtime/channel_runtime.py,100644,18007,462,9aadb2c33950f7f178454d6ba2942a22149f5f3767ae332333e375921b13d971,text,legacy-or-support-source,byte/line inventory+syntax compiler+Semgrep/Bandit+targeted dangerous-API review+tests
penglai_runtime/companion_feedback.py,100644,9320,249,6dfff8b90b3a3878bef4251b783c4b04b5f7ac8de49c4c9373ccd7ec1b8413fb,text,legacy-or-support-source,byte/line inventory+syntax compiler+Semgrep/Bandit+targeted dangerous-API review+tests
penglai_runtime/companion_loop.py,100644,5307,156,5ce6c22361ec5726338c7911474843f8d90d72075a52e2a3305084bf41b2f500,text,legacy-or-support-source,byte/line inventory+syntax compiler+Semgrep/Bandit+targeted dangerous-API review+tests
penglai_runtime/companion_policy.py,100644,5224,160,83ab6f03d22bd4b049c8dd4538c2e773506713d621bd2096d7b52bfce6e742af,text,legacy-or-support-source,byte/line inventory+syntax compiler+Semgrep/Bandit+targeted dangerous-API review+tests
penglai_runtime/context_events.py,100644,5746,189,86d52141162e08c550ae09e3792f90f082cf987b6899011780d5465a41545245,text,legacy-or-support-source,byte/line inventory+syntax compiler+Semgrep/Bandit+targeted dangerous-API review+tests
penglai_runtime/contracts.py,100644,5521,182,51030d94332869eb180a992b5c98023431e4a6109171932dc762767269294736,text,legacy-or-support-source,byte/line inventory+syntax compiler+Semgrep/Bandit+targeted dangerous-API review+tests
penglai_runtime/control_api.py,100644,24275,622,9d926b4bbda01cffa1ed2a754fef8dde5dcc883b8122869083a074ba28d4b4c6,text,legacy-or-support-source,byte/line inventory+syntax compiler+Semgrep/Bandit+targeted dangerous-API review+tests
penglai_runtime/daily_reflection.py,100644,6826,181,12c8a8fa471a9a77fbbb3c20b2a11cf46fc207c905836a307fb4c32af167fe98,text,legacy-or-support-source,byte/line inventory+syntax compiler+Semgrep/Bandit+targeted dangerous-API review+tests
penglai_runtime/delivery.py,100644,8154,251,4269c005adbf918457e04fe4657f867c14350bcbc2126ebb10d66d780b55c5f0,text,legacy-or-support-source,byte/line inventory+syntax compiler+Semgrep/Bandit+targeted dangerous-API review+tests
penglai_runtime/deprecations.py,100644,10327,291,9c41c62989f9ecd182ed6c3ace2545cb9d45c8d022a466de1a6ac3f487df71fb,text,legacy-or-support-source,byte/line inventory+syntax compiler+Semgrep/Bandit+targeted dangerous-API review+tests
penglai_runtime/fake_im.py,100644,173,7,575279843dab49303a85eac444c0c746c23cb1ccd1840d0871ea6ef658dc4b36,text,legacy-or-support-source,byte/line inventory+syntax compiler+Semgrep/Bandit+targeted dangerous-API review+tests
penglai_runtime/feishu_service.py,100644,8895,252,0462f7fed6770935646e7712305004fe24f3349c1bbfdbc7380995b97b0d6f8d,text,legacy-or-support-source,byte/line inventory+syntax compiler+Semgrep/Bandit+targeted dangerous-API review+tests
penglai_runtime/flags.py,100644,429,20,9daf97577d3069601c9a7497cad8ddc7d78200bcd45c61e64c6c449626f7023c,text,legacy-or-support-source,byte/line inventory+syntax compiler+Semgrep/Bandit+targeted dangerous-API review+tests
penglai_runtime/hub.py,100644,986,31,63c2358b9e9d42c05b014c0851cb5447c21e78f2f5ece1ec9580e274bc126cf8,text,legacy-or-support-source,byte/line inventory+syntax compiler+Semgrep/Bandit+targeted dangerous-API review+tests
penglai_runtime/in_memory_im.py,100644,1607,53,4cc9508f639454ea38f203276e25754e22c8bac9d3f82ed043117e2b6d02db96,text,legacy-or-support-source,byte/line inventory+syntax compiler+Semgrep/Bandit+targeted dangerous-API review+tests
penglai_runtime/install_check.py,100644,10307,299,c6b8c7cb55642536fd0c9debf3471f64ff59ad530dfd56a70abff5db3e3e7e61,text,legacy-or-support-source,byte/line inventory+syntax compiler+Semgrep/Bandit+targeted dangerous-API review+tests
penglai_runtime/interaction.py,100644,6166,184,2dd9ed4636b45abb7ff485b2b85f7d9fa401a1ba06a58cc22482a515f61d653f,text,legacy-or-support-source,byte/line inventory+syntax compiler+Semgrep/Bandit+targeted dangerous-API review+tests
penglai_runtime/memory_governor.py,100644,3674,105,c233d9a7ba701ecc50f99761b8942502c7072479506d8f489e6eb8e5f1eaf480,text,legacy-or-support-source,byte/line inventory+syntax compiler+Semgrep/Bandit+targeted dangerous-API review+tests
penglai_runtime/output_cleaner.py,100644,2207,71,11aa96cf5d72522ea47212ba76c98c8725785018797336aa194ae14ae448d37d,text,legacy-or-support-source,byte/line inventory+syntax compiler+Semgrep/Bandit+targeted dangerous-API review+tests
penglai_runtime/permissions.py,100644,2845,73,d23ecc77753faf7f9e53aa04ae8efc53f2a15307f6126d67e302272486f46df3,text,legacy-or-support-source,byte/line inventory+syntax compiler+Semgrep/Bandit+targeted dangerous-API review+tests
penglai_runtime/port.py,100644,10893,305,e9577ae90743730f14b148824e1a8132dff70d867bdfb0421b17cfdee12f1709,text,legacy-or-support-source,byte/line inventory+syntax compiler+Semgrep/Bandit+targeted dangerous-API review+tests
penglai_runtime/privacy_audit.py,100644,12325,415,1494d3b21a790f4b8d3ee5d84d1390ffcd693626a2ab2db2f2fab471a9c3c477,text,legacy-or-support-source,byte/line inventory+syntax compiler+Semgrep/Bandit+targeted dangerous-API review+tests
penglai_runtime/private_files.py,100644,3301,90,acb7fd7fe01bd80842f1194bc275086b149efa797f03bbb8168b87181bb9a5fa,text,legacy-or-support-source,byte/line inventory+syntax compiler+Semgrep/Bandit+targeted dangerous-API review+tests
penglai_runtime/proactive_dialogue.py,100644,6773,222,0567bd32fd71215cc5279d3acf6c40d34c2a1345b838427b0ab1434b115a88a6,text,legacy-or-support-source,byte/line inventory+syntax compiler+Semgrep/Bandit+targeted dangerous-API review+tests
penglai_runtime/queueing.py,100644,2257,75,71a30ea7706ec3efd3b12c14b3dc61a237fb94897ae84346d05afcc8b8f7102c,text,legacy-or-support-source,byte/line inventory+syntax compiler+Semgrep/Bandit+targeted dangerous-API review+tests
penglai_runtime/redaction.py,100644,1996,59,be93038b139e449fe26e74d293c138f55ec9ead839b89b9028c1ad5f4e8ce133,text,legacy-or-support-source,byte/line inventory+syntax compiler+Semgrep/Bandit+targeted dangerous-API review+tests
penglai_runtime/runner.py,100644,18885,461,af3ee6a441d33c4d6360348bf709f3a35b456e0365edc7a5793214f668284232,text,legacy-or-support-source,byte/line inventory+syntax compiler+Semgrep/Bandit+targeted dangerous-API review+tests
penglai_runtime/runtime_cli.py,100644,23486,646,0bfd12a40d12dca56eab5ff6fa9f5391fdafe616d3d38157e1d158ba15993eb4,text,legacy-or-support-source,byte/line inventory+syntax compiler+Semgrep/Bandit+targeted dangerous-API review+tests
penglai_runtime/selfcheck.py,100644,15470,346,9d250cde1a858dc2fbbbefdf793c4a00eb932ea918c14d84125e101f4557ccd7,text,legacy-or-support-source,byte/line inventory+syntax compiler+Semgrep/Bandit+targeted dangerous-API review+tests
penglai_runtime/service_unit.py,100644,12847,326,6d6f451b6d3db771b19901bad4ddc7fc8b897abd1329ef6abcd6aace2c9a767c,text,legacy-or-support-source,byte/line inventory+syntax compiler+Semgrep/Bandit+targeted dangerous-API review+tests
penglai_runtime/service.py,100644,22031,536,c5b29dbf2b46e62902df9bc29d01f0e2708555cd5e7668eef0df588325a70d95,text,legacy-or-support-source,byte/line inventory+syntax compiler+Semgrep/Bandit+targeted dangerous-API review+tests
penglai_runtime/session.py,100644,1820,58,efe0cbb0774bec04a9b43aaf5aee360b566b76959fe893ae896b601d676821ce,text,legacy-or-support-source,byte/line inventory+syntax compiler+Semgrep/Bandit+targeted dangerous-API review+tests
penglai_runtime/shadow.py,100644,3294,114,674e644c059b51822cc9006f4d8e53d27a4cd76255d5f55a488e453767a15eb6,text,legacy-or-support-source,byte/line inventory+syntax compiler+Semgrep/Bandit+targeted dangerous-API review+tests
penglai_runtime/store.py,100644,28346,691,7bfd386c2edfb4f48dd251a8bc30bc596fc8a031a1ac931ed0c81b0f9bd01f80,text,legacy-or-support-source,byte/line inventory+syntax compiler+Semgrep/Bandit+targeted dangerous-API review+tests
penglai_runtime/text_interaction.py,100644,1058,31,ad2c8678f3490a7c243a863e314c42f84c7f556bef1e92451fc4961423cded4a,text,legacy-or-support-source,byte/line inventory+syntax compiler+Semgrep/Bandit+targeted dangerous-API review+tests
penglai_runtime/tts_service.py,100644,29162,684,a65d6e5ab26586349b8260d16268712112667e0ae912000533b45fe6a286ee3b,text,legacy-or-support-source,byte/line inventory+syntax compiler+Semgrep/Bandit+targeted dangerous-API review+tests
penglai_runtime/version.py,100644,6387,196,ed0d9382669da86ce16d0861468a44fafa107de08281ae3a821718b2e55d1bb0,text,legacy-or-support-source,byte/line inventory+syntax compiler+Semgrep/Bandit+targeted dangerous-API review+tests
penglai_runtime/voice_profiles.py,100644,5384,160,5adbe3a5c112f206d3e653a00baf900dab7ffb4098542a9375f6095fc63e2388,text,legacy-or-support-source,byte/line inventory+syntax compiler+Semgrep/Bandit+targeted dangerous-API review+tests
penglai_setup.py,100644,82629,1502,54171c4da1128f38f027dfafc7ded3de3245fc4f95336ce6a2fb744baeacfb4f,text,legacy-or-support-source,byte/line inventory+syntax compiler+Semgrep/Bandit+targeted dangerous-API review+tests
penglai_skills.py,100644,10689,263,12312d5df81f0f8b34723469398a7f309e748bfc163e0bb1c378d1831fbf4564,text,legacy-or-support-source,byte/line inventory+syntax compiler+Semgrep/Bandit+targeted dangerous-API review+tests
penglai_tui.py,100644,1844,54,e6af70aa50197229f4853808456448512bbbe8f0443957e87f3331218e6e28ab,text,legacy-or-support-source,byte/line inventory+syntax compiler+Semgrep/Bandit+targeted dangerous-API review+tests
plugins/__init__.py,100644,25,2,255f2f3467367813af80dab52ad4e8a7255b3f7e4acb934f938578f86f11f9c4,text,legacy-or-support-source,byte/line inventory+syntax compiler+Semgrep/Bandit+targeted dangerous-API review+tests
plugins/hooks.py,100644,4288,121,780f7c31ff54c0159fffa06666314f8c5451c5fd9add95bd50a7f026b79010f1,text,legacy-or-support-source,byte/line inventory+syntax compiler+Semgrep/Bandit+targeted dangerous-API review+tests
plugins/langfuse_tracing.py,100644,5691,146,95d33b42c78dc0aeac4ce6efa4d216fe840e424c54091ffd883e5295085f4e76,text,legacy-or-support-source,byte/line inventory+syntax compiler+Semgrep/Bandit+targeted dangerous-API review+tests
plugins/penglai_artifacts.py,100644,6235,179,0dc51d58f808a5272ee9917cf24291ff3241f0fdde4aa2814ae3f0c9a5c4056f,text,legacy-or-support-source,byte/line inventory+syntax compiler+Semgrep/Bandit+targeted dangerous-API review+tests
plugins/penglai_critic.py,100644,8336,179,3b0042a9664705ed394bda0f56455512b8258610d8708d75124441207c7a0663,text,legacy-or-support-source,byte/line inventory+syntax compiler+Semgrep/Bandit+targeted dangerous-API review+tests
plugins/penglai_fileguard.py,100644,6970,166,6a64d6a8a14c368d9f86f23922675ff170926e35b8821a7bdf3160e6b38f2950,text,legacy-or-support-source,byte/line inventory+syntax compiler+Semgrep/Bandit+targeted dangerous-API review+tests
plugins/penglai_logguard.py,100644,1002,29,0bbf63be0dc93f0565c01a0a8cd2e40328acc2500fe24cead05b4992f3cabfbd,text,legacy-or-support-source,byte/line inventory+syntax compiler+Semgrep/Bandit+targeted dangerous-API review+tests
plugins/penglai_mcp.py,100644,14175,341,dfb2f4ef391937cdbb5ee392baa9aabbc81a2709ffd8ff8af599b7f911cdd3f6,text,legacy-or-support-source,byte/line inventory+syntax compiler+Semgrep/Bandit+targeted dangerous-API review+tests
plugins/penglai_memguard.py,100644,12344,268,d140c945ef8c5b2ae4ec82711b513c7cf5f69c0e6c86cfdaca5741352827496d,text,legacy-or-support-source,byte/line inventory+syntax compiler+Semgrep/Bandit+targeted dangerous-API review+tests
plugins/penglai_redline.py,100644,10273,223,300d4bc754257b2385b7c6e32e2b200beb8bf9c5d2f98162c92ae1adbec232f1,text,legacy-or-support-source,byte/line inventory+syntax compiler+Semgrep/Bandit+targeted dangerous-API review+tests
plugins/penglai_search.py,100644,8650,185,e7b6a4d591955ed32958989d322794e62837af98c260a7110ec8bc55c7f59d1b,text,legacy-or-support-source,byte/line inventory+syntax compiler+Semgrep/Bandit+targeted dangerous-API review+tests
plugins/penglai_summarize.py,100644,10710,240,16c276f47445babc8b07cf50f80337053390140275c7c2c3fa0f6564ac73217f,text,legacy-or-support-source,byte/line inventory+syntax compiler+Semgrep/Bandit+targeted dangerous-API review+tests
plugins/penglai_voice.py,100644,9374,213,6588e7fbdf59ee8784aec3c927b0ce107b622dca106c65a259922c81a672bdf6,text,legacy-or-support-source,byte/line inventory+syntax compiler+Semgrep/Bandit+targeted dangerous-API review+tests
plugins/project_mode.py,100644,6278,129,38d3284cf223451eaf58952207420faf77b13fae4735e64f154fa399a072d44f,text,legacy-or-support-source,byte/line inventory+syntax compiler+Semgrep/Bandit+targeted dangerous-API review+tests
pyproject.toml,100644,1417,56,efec95930dc61b5c5bcf95910431f365a04bf0d59a8afd394df0a67380e5b46f,text,docs-config,byte/line inventory+targeted claim/config consistency review
README.md,100644,12818,188,9b1d89e7508d8f10e6d976d2b99c4142a0159dc12b52651ceaf39cbf1fb62db4,text,docs-config,byte/line inventory+targeted claim/config consistency review
reflect/agent_team_worker.py,100644,2932,64,e43f18860283b0cafd30ea9f51ba9eb8d18945fefbcbad84b16f83637720ad53,text,legacy-or-support-source,byte/line inventory+syntax compiler+Semgrep/Bandit+targeted dangerous-API review+tests
reflect/autonomous.py,100644,195,6,9311d4743af1f0fc3d3d927d00bcce3b0437735d45c606e88e1d1313b1ebc766,text,legacy-or-support-source,byte/line inventory+syntax compiler+Semgrep/Bandit+targeted dangerous-API review+tests
reflect/checklist_master.py,100644,3133,80,3523fc33585a0acd0c7213f5eecc3dc10b11a8e875226bb0f09daf96478ca525,text,legacy-or-support-source,byte/line inventory+syntax compiler+Semgrep/Bandit+targeted dangerous-API review+tests
reflect/goal_mode.py,100644,4794,114,9e41d90d77b68081eed2f108d4a9448cff966f2fe2089cb26b6e40a2df9f413d,text,legacy-or-support-source,byte/line inventory+syntax compiler+Semgrep/Bandit+targeted dangerous-API review+tests
reflect/penglai_companion.py,100644,56394,1312,364f4e96fedebbea682d614526a3afeb38ffb90154ecafaaf199c4a5d5a6fa53,text,legacy-or-support-source,byte/line inventory+syntax compiler+Semgrep/Bandit+targeted dangerous-API review+tests
reflect/scheduler.py,100644,8991,233,1765abd0c073fc53c777c8fafb65277a6c2e2f65bd4218225a7f440761010355,text,legacy-or-support-source,byte/line inventory+syntax compiler+Semgrep/Bandit+targeted dangerous-API review+tests
scripts/check-desktop-allowlist.mjs,100644,5969,160,87d0c874ea44f3b156cc0c2049b288314e934a6679ca6b6112564d6000ed64d9,text,legacy-or-support-source,byte/line inventory+syntax compiler+Semgrep/Bandit+targeted dangerous-API review+tests
scripts/check-protocol-contract.mjs,100644,4403,124,b7016ed37ecc0a660b97d3e106c111f4c2ecba63a386d16cf4ee2f35c0c21009,text,legacy-or-support-source,byte/line inventory+syntax compiler+Semgrep/Bandit+targeted dangerous-API review+tests
scripts/check-release-contract.mjs,100644,3689,92,c18cf7b73b4861d68a09245cfd116bb323fe9301383c8d7df3036ea48b584396,text,legacy-or-support-source,byte/line inventory+syntax compiler+Semgrep/Bandit+targeted dangerous-API review+tests
scripts/check-renderer-token-boundary.mjs,100644,2459,72,54fb125d3453a88af67898d616468818cd4055817f7639ba14c33b0d05140b6c,text,legacy-or-support-source,byte/line inventory+syntax compiler+Semgrep/Bandit+targeted dangerous-API review+tests
scripts/generate-audit-ledger.mjs,100644,5768,132,64faaa445597a6d1e3ab4b5e064a8dea56c089af9236ab91865a2e2711dc4e25,text,legacy-or-support-source,byte/line inventory+syntax compiler+Semgrep/Bandit+targeted dangerous-API review+tests
scripts/lifecycle-check.mjs,100644,25568,494,f660dacf5b15543ebe3ade881330f999b3677eb2123e69ce123d25e63a5faa46,text,legacy-or-support-source,byte/line inventory+syntax compiler+Semgrep/Bandit+targeted dangerous-API review+tests
scripts/release-check.mjs,100644,32827,575,45c16c19c390034687e5886770130e1923a6a60baac0a68f2a5c81238ba851b7,text,legacy-or-support-source,byte/line inventory+syntax compiler+Semgrep/Bandit+targeted dangerous-API review+tests
scripts/sync-catalog.mjs,100644,3708,83,10817bdf416581aeb87bf14f4f5e63c11d526c0ed38c8ada45ef9479a5ee9da7,text,legacy-or-support-source,byte/line inventory+syntax compiler+Semgrep/Bandit+targeted dangerous-API review+tests
scripts/sync-schema-versions.mjs,100644,4099,106,ca8e170e78ca25789dab453460b4cbb6c5260be0ec541a05e8b42251dc7f2f0a,text,legacy-or-support-source,byte/line inventory+syntax compiler+Semgrep/Bandit+targeted dangerous-API review+tests
scripts/voice-asr-smoke.mjs,100644,1309,36,1156faaf65d3e2ea4b2d8391f12139b5dab9b352a3a195ebd88a3b5d6c56c21f,text,legacy-or-support-source,byte/line inventory+syntax compiler+Semgrep/Bandit+targeted dangerous-API review+tests
scripts/voice-smoke.mjs,100644,2475,66,6fc7519cdd1e1ca7de184f5a112a9b993bb2aa5b1ebb9ba5349422abcbfec46c,text,legacy-or-support-source,byte/line inventory+syntax compiler+Semgrep/Bandit+targeted dangerous-API review+tests
scripts/wizard-walkthrough.mts,100644,1378,35,9fb973e02826d46b69c0fab67611ecb06b1a77ebedd66d5e66f51fa3202d0fa5,text,other,line scan+hash+repository consistency review
SECURITY.md,100644,5027,102,5d1c31f07f0fefba1ffc5f7a6aabefb05a559baa5b043431840e88702ca9ed40,text,docs-config,byte/line inventory+targeted claim/config consistency review
simphtml.py,100644,42427,874,233aaa04a04d57450929c252fcac6c0f707c7ec02a08c289c7c8c783060d3bff,text,legacy-or-support-source,byte/line inventory+syntax compiler+Semgrep/Bandit+targeted dangerous-API review+tests
skills/email-imap.md,100644,4721,80,9e95bcf9f488209df47fe5681ea95ccac98a9619699f1eabc6f4be12a030b009,text,docs-config,byte/line inventory+targeted claim/config consistency review
skills/express-track.md,100644,3123,31,8d58e96384ec4504930ec9bc39bbafb77e5107b8bf43e98d728b25c6e8f7925f,text,docs-config,byte/line inventory+targeted claim/config consistency review
skills/life-reminder.md,100644,4690,52,f2ea8a65dd27dea557997bf87739999fb4021f2dbdad3a79810569b649244ff3,text,docs-config,byte/line inventory+targeted claim/config consistency review
skills/market-research.md,100644,4213,50,ec9b3679cbbac096571622fd78b170e9e1e1c0f502ec0941db1547f0bc8583ad,text,docs-config,byte/line inventory+targeted claim/config consistency review
skills/office-docs.md,100644,7157,135,3b31d7026a0f76d2c846dcce03543b796380ce2e210314b81a404278c699731f,text,docs-config,byte/line inventory+targeted claim/config consistency review
skills/README.md,100644,3429,50,34b670d5b7e46367ce7592bd4f30b1f4dfaaee1387fbcefa76c938bfce31c42c,text,docs-config,byte/line inventory+targeted claim/config consistency review
skills/rss-brief.md,100644,5058,100,9eb59e06da053ea0e2e10b87cfbd966bafa8260510c74bb6aad4e0ee253aba0c,text,docs-config,byte/line inventory+targeted claim/config consistency review
skills/slides-html.md,100644,4358,50,000003d49ddc3757ab0ae9dc07cc57c2e8cffda6f2fbe11a5deedaf44b492881,text,docs-config,byte/line inventory+targeted claim/config consistency review
skills/wechat-article.md,100644,4932,73,642922a533ae05dac7ca9a7e9c70360c58f90b86bedb7ce9e5a7f3c3c85dbc7e,text,docs-config,byte/line inventory+targeted claim/config consistency review
tests/_harness.py,100644,4179,122,06900857f497734dda0a49bf2f0d46628b539ae99e7e2929f9906618aca1726d,text,tests,line scan+syntax/compiler+executed test suite
tests/conftest.py,100644,584,25,54958e5ddcf903566afa1b82ce9ae3006d90eaacf380e4787815d3a201798d51,text,tests,line scan+syntax/compiler+executed test suite
tests/test_agent_bbs_security.py,100644,4303,101,a2f1a2ef584eb60850d0a9edce6df602e063e06187db00c766578286b39a230f,text,tests,line scan+syntax/compiler+executed test suite
tests/test_artifacts.py,100644,2962,88,9298fa06c1eb483d5760dcb0efc14ecf71f1f3667592ebf4b4fbe2a2123cb82f,text,tests,line scan+syntax/compiler+executed test suite
tests/test_companion_loop.py,100644,9324,250,19fb7d2305acf320653997ad8569a2f4f97fc009e3610b7151d3903eb7090066,text,tests,line scan+syntax/compiler+executed test suite
tests/test_companion_policy.py,100644,9491,226,cf1c9420458fa6d59443fa2016477cd5b5d9d430bb73e9fa9ab2a2aa9f855658,text,tests,line scan+syntax/compiler+executed test suite
tests/test_companion_v2.py,100644,15962,353,ff0d73396bc440a9c314a240bfb33f1d01541a9feab011fb642f298dde8952df,text,tests,line scan+syntax/compiler+executed test suite
tests/test_conductor_auth.py,100644,2594,73,b136719e8087745123f4527663a0793310c17b43a7229e0ec4aaed62e86db491,text,tests,line scan+syntax/compiler+executed test suite
tests/test_critic.py,100644,4652,142,e2967743291bf212bff7cabc35df5dd86ac433ca245d6deae6aba4ca04af8f60,text,tests,line scan+syntax/compiler+executed test suite
tests/test_daily_reflection.py,100644,5338,136,317929a5d8d7244b83de1894f5314fbf9d5906e1603e99d2b187faabc6bfb41d,text,tests,line scan+syntax/compiler+executed test suite
tests/test_failover_classify.py,100644,2337,71,b05614e793b6eea940307c3f55abdebcae5d2e6a307a3208661922820e05ab7a,text,tests,line scan+syntax/compiler+executed test suite
tests/test_feishu_ask_user.py,100644,39671,1153,760c48310ab751ff6e1ae1f86d20d9a7d02116aee8401cb4176c9d61e07b7182,text,tests,line scan+syntax/compiler+executed test suite
tests/test_fileguard.py,100644,18336,472,47689cde6832cfc0b28bbcd173f317b7b994726c49abfc88f39efbeea17b4b58,text,tests,line scan+syntax/compiler+executed test suite
tests/test_ga_security.py,100644,7077,214,5db8da34fffc3ab1c28e38cac3937ef02c75d5a9f7bbfd9620d17664616e5231,text,tests,line scan+syntax/compiler+executed test suite
tests/test_hooks_failclosed.py,100644,3503,102,2aa288042fa05b76c6c4f90515eab4f73d5c2ff1fb64b4f4c44c3ee9e4ddd146,text,tests,line scan+syntax/compiler+executed test suite
tests/test_im_voice.py,100644,5055,140,4fe177df176cfc603b12922181596eb508c7e51abb438a00dd6c6c320d02d87e,text,tests,line scan+syntax/compiler+executed test suite
tests/test_media_path_safety.py,100644,1424,41,e8b4e22c08b7a208f92e2e5cd301c7e8c3806454dd1d4798ea1e5ec2ec185a19,text,tests,line scan+syntax/compiler+executed test suite
tests/test_memguard.py,100644,3610,95,e0f564cad2dcf4e3a88a55c453b2e8e31a55d5591cc5c5d02466fce793ea708c,text,tests,line scan+syntax/compiler+executed test suite
tests/test_penglai_mcp.py,100644,5680,130,f113f9bac50c79d71bc40d2668497e903f524bce25a1a96e026d3e45f0afc792,text,tests,line scan+syntax/compiler+executed test suite
tests/test_penglai_migrate.py,100644,8290,205,0afdef880c2728779663ee88fbcc7e5f052c675479f6be80aa10c29ce1395aac,text,tests,line scan+syntax/compiler+executed test suite
tests/test_penglai_runtime.py,100644,174870,4296,61b4bb7fc85fa6c445991ebe281ab410a03a079c56fd1176d4319bd5b60a3d8b,text,tests,line scan+syntax/compiler+executed test suite
tests/test_penglai_skills.py,100644,7660,151,f4d27d0b6ea2d24def7cb8403f886607a76550240eb3fa2137274f5433e77b04,text,tests,line scan+syntax/compiler+executed test suite
tests/test_private_files.py,100644,3395,97,b320fec3d4561ee2aecee161e410a311e943d7fbc2047a0e10d41234cf606e59,text,tests,line scan+syntax/compiler+executed test suite
tests/test_redline.py,100644,6104,158,a425dab7c5e86db6563a45961faf19d516d307c41dadb48e01e48619f913c0c7,text,tests,line scan+syntax/compiler+executed test suite
tests/test_search_fallback.py,100644,3690,90,206c4aaf8b8b03f0c32df397bc267323298c4caea159bc5135187b596d9378a3,text,tests,line scan+syntax/compiler+executed test suite
tests/test_summarize.py,100644,9651,231,2fae1e5d274ee7fc8d9d48793f246ef1a938c3cc5a454bc047088e94c31cff44,text,tests,line scan+syntax/compiler+executed test suite
tests/test_supergrok_proxy_security.py,100644,1621,46,d060da692c1094337a8c5819f9470922a101ee6f102dfd2d4a99f33a676bb581,text,tests,line scan+syntax/compiler+executed test suite
tests/test_update_network.py,100644,7090,171,40808a87b087761ddd1ddabf19a7db4f8c116ac07e1e6dd03b2ce28942d47a32,text,tests,line scan+syntax/compiler+executed test suite
tests/test_vision_api.py,100644,4570,142,c741ef12844e9a9f935b867bcce23b30c3fe39f39ccb8f45164d97ff43523f60,text,tests,line scan+syntax/compiler+executed test suite
tests/test_voice_chunking.py,100644,3450,108,45230174475e9d3f6439d77594273c02915cf36ca0589723ba8355f8a084dacf,text,tests,line scan+syntax/compiler+executed test suite
tests/test_voice_profiles.py,100644,4527,127,b982a501c87710bc0f984e3d38afc0cee89d786a053fc1dff3e442930b041a2e,text,tests,line scan+syntax/compiler+executed test suite
tests/test_wechat_auth.py,100644,483,17,485c49238510012c730f654d726a4e36ec7ecdfe4e28b285fb8cad63e2be0706,text,tests,line scan+syntax/compiler+executed test suite
tests/test_wechat_setup_migration.py,100644,4320,120,84a8adac3c0f147290c8363e374ae6d0584b8f4c2db5a82babd19754d5e136d0,text,tests,line scan+syntax/compiler+executed test suite
tests/test_wizard_allowlist.py,100644,4505,106,bb39e630f649a36a5d7fbb04d4a491dc7ea5dd45587f0535b02a49546096fed9,text,tests,line scan+syntax/compiler+executed test suite
tests/test_wizard_i18n.py,100644,2127,61,1435cff0f56bd35f69557950af0a1939aea762737b378c4bd5335930c3f8739a,text,tests,line scan+syntax/compiler+executed test suite
tests/test_worldline.py,100644,13651,384,b854b74af6d1eec028f18703e52f1a9dd622ca4db249055ce95f22dc2ee008b0,text,tests,line scan+syntax/compiler+executed test suite
tests/test_xml_security.py,100644,705,21,241386da1244ea95db40ea23588e397c132dd66e5c0ad1d456f0f9421d4a76c3,text,tests,line scan+syntax/compiler+executed test suite
THIRD_PARTY_NOTICES.md,100644,4295,72,9d9ca03895cc5c9bfd8fe38ee04ef6f128dc161f1c6a79adaf1c394b178dbba1,text,docs-config,byte/line inventory+targeted claim/config consistency review
TMWebDriver.py,100644,19843,381,bea11110f9cf2ecc579285d9abe9e6c0d790de04d5c18631a8f3c7a4bf7febc0,text,legacy-or-support-source,byte/line inventory+syntax compiler+Semgrep/Bandit+targeted dangerous-API review+tests
tsconfig.json,100644,303,15,159d548856b9c31ad54c2850e736dc429279f45a3b66ec2ad8ae355420b84f63,text,docs-config,byte/line inventory+targeted claim/config consistency review
vitest.config.ts,100644,134,5,23ab80128fde2c638f96d06043657cbb74e0eb3e3d3f9c0e600282f127fc54c6,text,legacy-or-support-source,byte/line inventory+syntax compiler+Semgrep/Bandit+targeted dangerous-API review+tests
